Data,Otwarcie,Najwyzszy,Najnizszy,Zamkniecie,Wolumen
2012-09-19,1.79888,1.83636,1.68643,1.79146,13625.998990434
2012-09-20,1.71641,1.79888,1.64144,1.65652,8141.4139446971
2012-09-21,1.709,1.71641,1.66402,1.66402,1677.1519215369
2012-09-24,1.72391,1.72391,1.68643,1.72391,1370.85947075
2012-09-25,1.72391,1.72391,1.72391,1.72391,2430.8378397651
2012-09-26,1.72391,1.72391,1.709,1.709,760.56889465044
2012-09-27,1.72391,1.72391,1.71641,1.71641,493.27997692261
2012-09-28,1.72391,1.72391,1.709,1.709,186.98752613578
2012-10-01,1.71641,1.71641,1.68643,1.68643,1634.7069002668
2012-10-02,1.71641,1.72391,1.67152,1.67152,998.03158121551
2012-10-03,1.709,1.709,1.64894,1.66402,3450.6655129842
2012-10-04,1.68643,1.68643,1.61904,1.61904,519.66471987428
2012-10-05,1.68643,1.68643,1.68643,1.68643,213.37226908745
2012-10-08,1.69401,1.69401,1.69401,1.69401,136.51236570649
2012-10-09,1.709,1.709,1.62654,1.69401,1351.3577042205
2012-10-10,1.68643,1.68643,1.68643,1.68643,134.21804023243
2012-10-11,1.64894,1.64894,1.64894,1.64894,26.384742951674
2012-10-12,1.64894,1.64894,1.64894,1.64894,41.297858533056
2012-10-15,1.64894,1.64894,1.64894,1.64894,547.19662556299
2012-10-16,1.64894,1.69401,1.64894,1.69401,721.56536159145
2012-10-17,1.69401,1.69401,1.69401,1.69401,53.916648640378
2012-10-18,1.61904,1.61904,1.61904,1.61904,808.74972960567
2012-10-19,1.64894,1.64894,1.64894,1.64894,533.43067271864
2012-10-22,1.61154,1.61154,1.59646,1.59646,867.25502919417
2012-10-23,1.59646,1.59646,1.59646,1.59646,267.28891772783
2012-10-24,1.59646,1.59646,1.59646,1.59646,56.210974114437
2012-10-26,1.66402,1.66402,1.66402,1.66402,32.120556636821
2012-10-29,1.66402,1.66402,1.66402,1.66402,12.618790107323
2012-10-30,1.59646,1.59646,1.59646,1.59646,800.71959044647
2012-10-31,1.64894,1.64894,1.64894,1.64894,267.28891772783
2012-11-05,1.59646,1.59646,1.59646,1.59646,267.28891772783
2012-11-06,1.62654,1.64894,1.62654,1.64894,1007.2088831117
2012-11-07,1.64894,1.64894,1.64894,1.64894,26.384742951674
2012-11-08,1.64894,1.64894,1.64894,1.64894,134.21804023243
2012-11-09,1.64894,1.64894,1.64894,1.64894,53.916648640378
2012-11-12,1.66402,1.66402,1.64894,1.64894,73.418415169877
2012-11-13,1.66402,1.66402,1.66402,1.66402,26.384742951674
2012-11-14,1.66402,1.66402,1.66402,1.66402,26.384742951674
2012-11-15,1.66402,1.66402,1.66402,1.66402,12.618790107323
2012-11-16,1.66402,1.709,1.66402,1.709,1817.1057754544
2012-11-19,1.60404,1.64894,1.60404,1.64894,813.33838055379
2012-11-20,1.64894,1.64894,1.64894,1.64894,66.535438747701
2012-11-21,1.58905,1.66402,1.58905,1.66402,734.18415169877
2012-11-22,1.61154,1.61154,1.61154,1.61154,134.21804023243
2012-11-23,1.66402,1.66402,1.66402,1.66402,253.52296488348
2012-11-26,1.64894,1.64894,1.64894,1.64894,53.916648640378
2012-11-27,1.64894,1.64894,1.64894,1.64894,73.418415169877
2012-11-28,1.64894,1.64894,1.64894,1.64894,26.384742951674
2012-11-29,1.64894,1.64894,1.64894,1.64894,26.384742951674
2012-11-30,1.64894,1.64894,1.64894,1.64894,267.28891772783
2012-12-03,1.64894,1.64894,1.64894,1.64894,12.618790107323
2012-12-04,1.64894,1.64894,1.64894,1.64894,12.618790107323
2012-12-05,1.64894,1.64894,1.64894,1.64894,426.74453817491
2012-12-06,1.64894,1.64894,1.64894,1.64894,26.384742951674
2012-12-07,1.64894,1.64894,1.64894,1.64894,12.618790107323
2012-12-10,1.64894,1.64894,1.64894,1.64894,12.618790107323
2012-12-11,1.64894,1.64894,1.64894,1.64894,16.060278318411
2012-12-12,1.64894,1.64894,1.64894,1.64894,14.913115581381
2012-12-13,1.61154,1.64894,1.61154,1.64894,279.90770783516
2012-12-14,1.64894,1.64894,1.64894,1.64894,12.618790107323
2012-12-17,1.64894,1.64894,1.64894,1.64894,12.618790107323
2012-12-18,1.64894,1.64894,1.64894,1.64894,20.648929266528
2012-12-19,1.64894,1.64894,1.64894,1.64894,12.618790107323
2012-12-20,1.64894,1.64894,1.64894,1.64894,20.648929266528
2012-12-21,1.64894,1.64894,1.64894,1.64894,172.0744105544
2012-12-27,1.64894,1.64894,1.64894,1.64894,12.618790107323
2012-12-28,1.61154,1.64894,1.61154,1.64894,1267.6148244174
2013-01-02,1.66402,1.66402,1.66402,1.66402,134.21804023243
2013-01-04,1.66402,1.68643,1.66402,1.68643,385.44667964185
2013-01-07,1.68643,1.68643,1.68643,1.68643,134.21804023243
2013-01-08,1.61904,1.61904,1.61904,1.61904,66.535438747701
2013-01-09,1.68643,1.68643,1.64894,1.64894,160.60278318411
2013-01-10,1.68643,1.94881,1.68643,1.90383,3003.2720455428
2013-01-11,1.89633,1.91133,1.83636,1.85135,1367.417982539
2013-01-14,1.87393,1.9414,1.87393,1.87393,3354.3038430737
2013-01-15,1.83636,2.17362,1.83636,2.17362,6626.0119690814
2013-01-16,2.17362,2.17362,2.03128,2.03128,6354.1344004054
2013-01-17,2.04618,2.06135,2.04618,2.04618,183.54603792469
2013-01-18,2.04618,2.04618,1.95622,1.95622,660.76573652889
2013-01-21,2.02378,2.02378,1.95622,1.95622,106.68613454373
2013-01-22,2.02378,2.02378,1.91133,1.91133,3732.8675462934
2013-01-23,1.9414,1.9414,1.9414,1.9414,12.618790107323
2013-01-24,1.9414,1.9414,1.88134,1.92632,1329.561612217
2013-01-25,1.92632,1.92632,1.83636,1.83636,3736.3090345045
2013-01-28,1.85885,1.85885,1.79888,1.79888,533.43067271864
2013-01-29,1.79888,1.79888,1.79888,1.79888,267.28891772783
2013-01-30,1.79888,1.83636,1.79888,1.83636,360.20909942721
2013-01-31,1.82895,1.82895,1.82895,1.82895,219.1080827726
2013-02-01,1.82895,1.83636,1.82895,1.83636,1860.6979594616
2013-02-04,1.82895,1.82895,1.82895,1.82895,131.92371475837
2013-02-05,1.82895,1.82895,1.82895,1.82895,193.87050255796
2013-02-06,1.82895,1.82895,1.82145,1.82145,98.655995384522
2013-02-07,1.82145,1.82145,1.82145,1.82145,104.39180906967
2013-02-08,1.82145,1.82145,1.82145,1.82145,92.920181699375
2013-02-11,1.82145,1.82145,1.82145,1.82145,92.920181699375
2013-02-12,1.82145,1.82145,1.82145,1.82145,60.799625062554
2013-02-13,1.81387,1.82145,1.81387,1.82145,526.54769629646
2013-02-14,1.77639,1.81387,1.77639,1.81387,59.652462325525
2013-02-15,1.81387,1.81387,1.78397,1.79146,2169.2847357225
2013-02-18,1.81387,1.81387,1.81387,1.81387,26.384742951674
2013-02-19,1.81387,1.81387,1.81387,1.81387,899.37558583099
2013-02-20,1.81387,1.82145,1.81387,1.82145,145.68966760272
2013-02-21,1.82145,1.82145,1.82145,1.82145,66.535438747701
2013-02-22,1.81387,1.81387,1.81387,1.81387,41.297858533056
2013-02-25,1.81387,1.81387,1.81387,1.81387,80.301391592053
2013-02-26,1.81387,1.82145,1.75398,1.79888,4681.5711298167
2013-02-27,1.73141,1.81387,1.69401,1.79888,5525.8829042703
2013-02-28,1.79146,1.82145,1.64144,1.82145,6927.7157689201
2013-03-01,1.79888,1.85885,1.79888,1.85885,3491.9633715173
2013-03-04,1.81387,1.91133,1.81387,1.91133,733.03698896174
2013-03-05,1.91133,1.91133,1.85885,1.90383,1479.8399307678
2013-03-06,1.90383,1.90383,1.90383,1.90383,26.384742951674
2013-03-07,1.90383,1.90383,1.89633,1.89633,145.68966760272
2013-03-08,1.90383,1.90383,1.90383,1.90383,26.384742951674
2013-03-11,1.90383,1.90383,1.89633,1.90383,227.13822193181
2013-03-12,1.90383,1.90383,1.89633,1.90383,256.96445309457
2013-03-13,1.89633,1.91133,1.89633,1.91133,172.0744105544
2013-03-14,1.90383,1.90383,1.88134,1.88134,143.39534212867
2013-03-15,1.91133,1.91133,1.91133,1.91133,186.98752613578
2013-03-18,1.91133,1.91133,1.86635,1.91133,453.12928112658
2013-03-19,1.91133,1.91133,1.91133,1.91133,60.799625062554
2013-03-20,1.86635,1.90383,1.85885,1.87393,1977.7085586386
2013-03-21,1.87393,1.87393,1.87393,1.87393,66.535438747701
2013-03-22,1.79888,1.79888,1.79146,1.79146,2469.8413728241
2013-03-25,1.72391,1.79146,1.67152,1.709,2347.094959962
2013-03-26,1.709,1.709,1.709,1.709,12.618790107323
2013-03-28,1.71641,1.71641,1.71641,1.71641,88.331530751258
2013-04-02,1.71641,1.71641,1.71641,1.71641,60.799625062554
2013-04-03,1.71641,1.71641,1.71641,1.71641,73.418415169877
2013-04-04,1.71641,1.71641,1.71641,1.71641,32.120556636821
2013-04-05,1.71641,1.71641,1.71641,1.71641,41.297858533056
2013-04-08,1.71641,1.71641,1.71641,1.71641,32.120556636821
2013-04-09,1.71641,1.71641,1.71641,1.71641,53.916648640378
2013-04-10,1.71641,1.71641,1.71641,1.71641,41.297858533056
2013-04-11,1.71641,1.71641,1.71641,1.71641,32.120556636821
2013-04-12,1.71641,1.71641,1.71641,1.71641,32.120556636821
2013-04-15,1.71641,1.71641,1.71641,1.71641,35.562044847909
2013-04-17,1.71641,1.71641,1.71641,1.71641,47.033672218202
2013-04-18,1.72391,1.72391,1.72391,1.72391,26.384742951674
2013-04-19,1.71641,1.71641,1.71641,1.71641,32.120556636821
2013-04-22,1.71641,1.71641,1.71641,1.71641,32.120556636821
2013-04-23,1.71641,1.71641,1.71641,1.71641,32.120556636821
2013-04-24,1.71641,1.71641,1.71641,1.71641,32.120556636821
2013-04-25,1.72391,1.72391,1.71641,1.71641,41.297858533056
2013-04-26,1.71641,1.71641,1.71641,1.71641,41.297858533056
2013-04-29,1.71641,1.71641,1.71641,1.71641,32.120556636821
2013-04-30,1.71641,1.73141,1.71641,1.73141,908.55288772722
2013-05-02,1.74648,1.77639,1.74648,1.77639,1026.7106496412
2013-05-06,1.77639,1.77639,1.65652,1.75398,3319.8889609629
2013-05-07,1.75398,1.75398,1.60404,1.64144,2248.4389645775
2013-05-08,1.64894,1.64894,1.64894,1.64894,1988.0330232718
2013-05-09,1.64894,1.67152,1.64894,1.66402,1000.3259066896
2013-05-10,1.66402,1.66402,1.66402,1.66402,32.120556636821
2013-05-13,1.67152,1.67152,1.67152,1.67152,29.826231162762
2013-05-14,1.67152,1.67152,1.58905,1.67152,3568.8232748982
2013-05-15,1.67152,1.67893,1.67152,1.67893,127.33506381026
2013-05-16,1.67893,1.67893,1.61904,1.63395,967.05818731572
2013-05-17,1.63395,1.64894,1.63395,1.64894,253.52296488348
2013-05-21,1.64144,1.64144,1.64144,1.64144,26.384742951674
2013-05-22,1.64144,1.64144,1.49909,1.61154,6809.5580070061
2013-05-23,1.63395,1.66402,1.63395,1.66402,373.97505227156
2013-05-24,1.66402,1.87393,1.66402,1.87393,23329.848582965
2013-05-27,1.87393,1.87393,1.86635,1.87393,1361.6821688538
2013-05-28,1.87393,1.87393,1.87393,1.87393,53.916648640378
2013-05-29,1.86635,1.86635,1.68643,1.79888,1277.9392890507
2013-05-31,1.76139,1.79888,1.76139,1.79888,868.4021919312
2013-06-03,1.65652,1.79888,1.64894,1.73899,5162.232316632
2013-06-04,1.73899,1.75398,1.68643,1.75398,1788.4267070287
2013-06-05,1.64894,1.64894,1.64144,1.64894,1533.7565794082
2013-06-06,1.68643,1.68643,1.68643,1.68643,134.21804023243
2013-06-07,1.64894,1.64894,1.64894,1.64894,79.154228855023
2013-06-10,1.64894,1.64894,1.63395,1.63395,26.384742951674
2013-06-11,1.63395,1.64894,1.63395,1.64894,593.08313504416
2013-06-12,1.64894,1.64894,1.64894,1.64894,73.418415169877
2013-06-13,1.64894,1.68643,1.61904,1.68643,641.26396999939
2013-06-14,1.68643,1.68643,1.68643,1.68643,32.120556636821
2013-06-17,1.68643,1.68643,1.68643,1.68643,26.384742951674
2013-06-18,1.68643,1.68643,1.68643,1.68643,32.120556636821
2013-06-19,1.68643,1.68643,1.68643,1.68643,32.120556636821
2013-06-20,1.68643,1.69401,1.68643,1.69401,32.120556636821
2013-06-21,1.69401,1.69401,1.69401,1.69401,59.652462325525
2013-06-24,1.68643,1.69401,1.68643,1.69401,501.31011608181
2013-06-25,1.69401,1.69401,1.69401,1.69401,26.384742951674
2013-06-26,1.69401,1.69401,1.68643,1.69401,867.25502919417
2013-06-27,1.69401,1.69401,1.69401,1.69401,694.03345590274
2013-06-28,1.64894,1.64894,1.64894,1.64894,134.21804023243
2013-07-02,1.69401,1.7015,1.69401,1.7015,106.68613454373
2013-07-03,1.7015,1.709,1.7015,1.709,440.51049101926
2013-07-04,1.709,1.709,1.709,1.709,60.799625062554
2013-07-05,1.709,1.709,1.709,1.709,32.120556636821
2013-07-08,1.709,1.709,1.709,1.709,26.384742951674
2013-07-09,1.709,1.709,1.709,1.709,26.384742951674
2013-07-10,1.709,1.709,1.709,1.709,53.916648640378
2013-07-11,1.709,1.709,1.709,1.709,12.618790107323
2013-07-12,1.709,1.709,1.709,1.709,66.535438747701
2013-07-15,1.709,1.709,1.709,1.709,26.384742951674
2013-07-16,1.709,1.709,1.709,1.709,41.297858533056
2013-07-17,1.709,1.71641,1.709,1.709,401.50695796026
2013-07-18,1.71641,1.71641,1.71641,1.71641,20.648929266528
2013-07-19,1.71641,1.71641,1.71641,1.71641,26.384742951674
2013-07-22,1.71641,1.72391,1.71641,1.72391,267.28891772783
2013-07-24,1.76139,1.76139,1.76139,1.76139,134.21804023243
2013-07-25,1.77639,1.77639,1.77639,1.77639,134.21804023243
2013-07-29,1.79888,1.79888,1.79888,1.79888,17.20744105544
2013-07-30,1.83636,1.86635,1.83636,1.86635,135.36520296946
2013-07-31,1.86635,1.87393,1.86635,1.87393,340.70733289771
2013-08-01,1.88884,1.88884,1.7688,1.86635,3043.4227413388
2013-08-02,1.83636,1.86635,1.72391,1.78397,2559.3200663124
2013-08-05,1.78397,1.78397,1.78397,1.78397,26.384742951674
2013-08-06,1.78397,1.78397,1.78397,1.78397,12.618790107323
2013-08-07,1.78397,1.78397,1.78397,1.78397,12.618790107323
2013-08-08,1.78397,1.78397,1.78397,1.78397,57.358136851466
2013-08-09,1.78397,1.79146,1.78397,1.79146,35.562044847909
2013-08-12,1.79146,1.79146,1.79146,1.79146,41.297858533056
2013-08-13,1.79146,1.79146,1.79146,1.79146,43.592184007114
2013-08-14,1.79146,1.79146,1.79146,1.79146,169.78008508034
2013-08-16,1.79146,1.79146,1.79146,1.79146,41.297858533056
2013-08-19,1.79146,1.79146,1.79146,1.79146,26.384742951674
2013-08-20,1.79146,1.79888,1.79146,1.79888,41.297858533056
2013-08-21,1.79888,1.79888,1.79888,1.79888,20.648929266528
2013-08-22,1.79888,1.79888,1.79888,1.79888,26.384742951674
2013-08-23,1.79888,1.79888,1.79888,1.79888,12.618790107323
2013-08-26,1.79888,1.79888,1.79888,1.79888,41.297858533056
2013-08-27,1.79888,1.79888,1.79888,1.79888,32.120556636821
2013-08-28,1.79888,1.79888,1.7015,1.7015,347.59030931989
2013-08-29,1.68643,1.73141,1.68643,1.73141,145.68966760272
2013-08-30,1.74648,1.74648,1.74648,1.74648,32.120556636821
2013-09-02,1.74648,1.74648,1.74648,1.74648,12.618790107323
2013-09-03,1.74648,1.74648,1.74648,1.74648,12.618790107323
2013-09-04,1.74648,1.74648,1.74648,1.74648,32.120556636821
2013-09-05,1.74648,1.74648,1.69401,1.74648,2321.8573797474
2013-09-06,1.74648,1.74648,1.64894,1.74648,1620.9409474224
2013-09-09,1.74648,1.74648,1.64894,1.64894,934.9376306789
2013-09-10,1.75398,1.75398,1.75398,1.75398,379.71086595671
2013-09-11,1.61904,1.75398,1.61904,1.7015,598.81894872931
2013-09-12,1.75398,1.7688,1.75398,1.75398,139.95385391758
2013-09-13,1.76139,1.76139,1.76139,1.76139,47.033672218202
2013-09-16,1.76139,1.76139,1.57406,1.67152,2594.8821111603
2013-09-17,1.67893,1.68643,1.67893,1.68643,1334.1502631651
2013-09-18,1.68643,1.68643,1.68643,1.68643,32.120556636821
2013-09-19,1.68643,1.68643,1.49909,1.56648,2347.094959962
2013-09-20,1.57406,1.68643,1.57406,1.67893,6449.3489075789
2013-09-23,1.67893,1.67893,1.67893,1.67893,32.120556636821
2013-09-24,1.67893,1.67893,1.67893,1.67893,26.384742951674
2013-09-25,1.67893,1.67893,1.67893,1.67893,26.384742951674
2013-09-26,1.67893,1.67893,1.67893,1.67893,12.618790107323
2013-09-27,1.67893,1.67893,1.67893,1.67893,26.384742951674
2013-09-30,1.67893,1.67893,1.67893,1.67893,12.618790107323
2013-10-01,1.67893,1.72391,1.51408,1.72391,2319.5630542733
2013-10-02,1.72391,1.72391,1.64894,1.64894,306.29245078683
2013-10-03,1.68643,1.72391,1.68643,1.72391,415.27291080462
2013-10-04,1.72391,1.72391,1.72391,1.72391,41.297858533056
2013-10-07,1.72391,1.72391,1.61154,1.64894,1081.7744610187
2013-10-08,1.66402,1.66402,1.66402,1.66402,12.618790107323
2013-10-09,1.66402,1.67893,1.66402,1.67893,292.52649794248
2013-10-11,1.67893,1.68643,1.67893,1.68643,156.01413223599
2013-10-14,1.72391,1.72391,1.61154,1.65652,131.92371475837
2013-10-15,1.64894,1.64894,1.64894,1.64894,267.28891772783
2013-10-16,1.66402,1.71641,1.66402,1.71641,534.57783545567
2013-10-17,1.72391,1.72391,1.62654,1.64894,567.84555482952
2013-10-18,1.64894,1.67152,1.64894,1.67152,143.39534212867
2013-10-23,1.67152,1.67152,1.67152,1.67152,12.618790107323
2013-10-24,1.67893,1.67893,1.67893,1.67893,47.033672218202
2013-10-25,1.67893,1.67893,1.67893,1.67893,12.618790107323
2013-10-28,1.67893,1.67893,1.67893,1.67893,32.120556636821
2013-10-29,1.67893,1.67893,1.67893,1.67893,32.120556636821
2013-10-30,1.67893,1.67893,1.67893,1.67893,32.120556636821
2013-10-31,1.67893,1.73899,1.61904,1.73899,1144.8684115553
2013-11-04,1.73141,1.73141,1.73141,1.73141,79.154228855023
2013-11-05,1.73141,1.73141,1.73141,1.73141,53.916648640378
2013-11-06,1.73141,1.73141,1.73141,1.73141,53.916648640378
2013-11-07,1.73141,1.73141,1.73141,1.73141,41.297858533056
2013-11-08,1.73141,1.76139,1.73141,1.76139,1447.719374131
2013-11-12,1.79888,1.79888,1.79888,1.79888,269.58324320189
2013-11-13,1.79888,1.79888,1.79888,1.79888,12.618790107323
2013-11-14,1.79888,1.79888,1.79888,1.79888,41.297858533056
2013-11-15,1.79888,1.84386,1.79888,1.84386,348.73747205691
2013-11-18,1.84386,1.88134,1.72391,1.88134,1647.3256903741
2013-11-19,1.88134,1.88134,1.72391,1.80637,1320.3843103208
2013-11-20,1.81387,1.82145,1.81387,1.82145,68.829764221759
2013-11-21,1.82145,1.83636,1.82145,1.83636,333.82435647553
2013-11-22,1.83636,1.84386,1.76139,1.81387,219.1080827726
2013-11-25,1.81387,1.81387,1.81387,1.81387,12.618790107323
2013-11-26,1.81387,1.81387,1.81387,1.81387,39.003533058997
2013-11-27,1.81387,1.81387,1.71641,1.78397,1269.9091498915
2013-11-28,1.72391,1.79888,1.72391,1.79888,546.04946282596
2013-11-29,1.72391,1.80637,1.72391,1.80637,139.95385391758
2013-12-02,1.79888,1.79888,1.72391,1.79888,79.154228855023
2013-12-03,1.79888,1.79888,1.79888,1.79888,32.120556636821
2013-12-04,1.79888,1.79888,1.79888,1.79888,12.618790107323
2013-12-05,1.79888,1.79888,1.79888,1.79888,26.384742951674
2013-12-06,1.79888,1.79888,1.79888,1.79888,60.799625062554
2013-12-09,1.79146,1.79146,1.72391,1.72391,20.648929266528
2013-12-10,1.74648,1.80637,1.74648,1.80637,649.2941091586
2013-12-11,1.79888,1.81387,1.79888,1.81387,227.13822193181
2013-12-12,1.82145,1.84386,1.82145,1.84386,1015.239022271
2013-12-13,1.84386,1.84386,1.84386,1.84386,12.618790107323
2013-12-16,1.84386,1.84386,1.84386,1.84386,12.618790107323
2013-12-17,1.85135,1.85135,1.74648,1.74648,827.10433339814
2013-12-18,1.77639,1.79888,1.68643,1.72391,3091.603576294
2013-12-19,1.76139,1.76139,1.76139,1.76139,135.36520296946
2013-12-20,1.76139,1.79146,1.68643,1.79146,303.99812531277
2013-12-23,1.79888,1.79888,1.79888,1.79888,12.618790107323
2013-12-27,1.79146,1.79146,1.79146,1.79146,41.297858533056
2013-12-30,1.79146,1.79888,1.79146,1.79888,68.829764221759
2014-01-02,1.77639,1.77639,1.77639,1.77639,26.384742951674
2014-01-03,1.77639,1.77639,1.68643,1.75398,427.89170091194
2014-01-07,1.76139,1.77639,1.76139,1.77639,135.36520296946
2014-01-08,1.78397,1.79146,1.78397,1.79146,135.36520296946
2014-01-10,1.76139,1.76139,1.76139,1.76139,26.384742951674
2014-01-13,1.77639,1.77639,1.68643,1.7688,391.182493327
2014-01-14,1.77639,1.77639,1.77639,1.77639,32.120556636821
2014-01-15,1.77639,1.77639,1.77639,1.77639,26.384742951674
2014-01-16,1.77639,1.78397,1.77639,1.78397,61.946787799584
2014-01-31,1.79888,1.79888,1.78397,1.78397,80.301391592053
2014-02-03,1.78397,1.79146,1.78397,1.79146,134.21804023243
2014-02-04,1.79146,1.79888,1.79146,1.79888,119.30492465105
2014-02-05,1.80637,1.80637,1.80637,1.80637,20.648929266528
2014-02-06,1.80637,1.80637,1.80637,1.80637,5.7358136851466
2014-02-07,1.80637,1.81387,1.80637,1.81387,127.33506381026
2014-02-10,1.81387,1.81387,1.79888,1.79888,279.90770783516
2014-02-11,1.79888,1.79888,1.79888,1.79888,144.54250486569
2014-02-12,1.81387,1.81387,1.79888,1.79888,119.30492465105
2014-02-13,1.81387,1.81387,1.81387,1.81387,42.445021270085
2014-02-14,1.81387,1.81387,1.81387,1.81387,5.7358136851466
2014-02-17,1.81387,1.81387,1.81387,1.81387,26.384742951674
2014-02-18,1.81387,1.81387,1.81387,1.81387,12.618790107323
2014-02-19,1.81387,1.81387,1.81387,1.81387,5.7358136851466
2014-02-20,1.81387,1.81387,1.81387,1.81387,32.120556636821
2014-02-21,1.81387,1.81387,1.81387,1.81387,12.618790107323
2014-02-24,1.81387,1.81387,1.81387,1.81387,26.384742951674
2014-02-25,1.81387,1.81387,1.76139,1.81387,27.531905688704
2014-02-26,1.80637,1.80637,1.80637,1.80637,401.50695796026
2014-02-27,1.81387,1.81387,1.81387,1.81387,32.120556636821
2014-02-28,1.81387,1.81387,1.81387,1.81387,20.648929266528
2014-03-03,1.81387,1.81387,1.81387,1.81387,12.618790107323
2014-03-04,1.81387,1.81387,1.76139,1.80637,166.33859686925
2014-03-05,1.81387,1.81387,1.81387,1.81387,32.120556636821
2014-03-06,1.81387,1.81387,1.81387,1.81387,32.120556636821
2014-03-07,1.81387,1.81387,1.81387,1.81387,12.618790107323
2014-03-10,1.81387,1.81387,1.81387,1.81387,20.648929266528
2014-03-11,1.81387,1.81387,1.81387,1.81387,32.120556636821
2014-03-12,1.81387,1.81387,1.81387,1.81387,26.384742951674
2014-03-13,1.79888,1.79888,1.79888,1.79888,666.50155021404
2014-03-17,1.76139,1.76139,1.76139,1.76139,5.7358136851466
2014-03-18,1.76139,1.76139,1.76139,1.76139,69.976926958789
2014-03-20,1.72391,1.72391,1.72391,1.72391,1.1471627370293
2014-03-24,1.72391,1.72391,1.709,1.709,12.618790107323
2014-03-25,1.72391,1.7688,1.72391,1.7688,908.55288772722
2014-03-31,1.75398,1.75398,1.75398,1.75398,1.1471627370293
2014-04-02,1.75398,1.75398,1.75398,1.75398,5.7358136851466
2014-04-08,1.75398,1.75398,1.75398,1.75398,24.090417477616
2014-04-09,1.75398,1.75398,1.72391,1.72391,401.50695796026
2014-04-15,1.76139,1.79888,1.72391,1.72391,135.36520296946
2014-04-16,1.72391,1.78397,1.7015,1.76139,666.50155021404
2014-04-22,1.76139,1.77639,1.76139,1.77639,60.799625062554
2014-04-30,1.78397,1.94881,1.78397,1.94881,2815.13735667
2014-05-02,2.02378,2.24109,1.93382,2.24109,1081.7744610187
2014-05-05,2.24109,2.24109,2.2261,2.24109,1399.5385391758
2014-05-06,2.24109,2.24109,2.24109,2.24109,12.618790107323
2014-05-07,2.24109,2.24109,2.20361,2.23369,186.98752613578
2014-05-09,2.09875,2.23369,2.09875,2.23369,145.68966760272
2014-05-12,2.24109,2.24109,2.09875,2.17362,777.77633570588
2014-05-13,2.06135,2.09875,2.03868,2.09875,868.4021919312
2014-05-19,2.00879,2.05377,1.9788,2.05377,369.38640132344
2014-05-23,2.06135,2.09875,2.06135,2.09875,145.68966760272
2014-05-26,2.06135,2.12114,2.06135,2.12114,519.66471987428
2014-05-27,2.13614,2.13614,2.13614,2.13614,1.1471627370293
2014-05-29,2.15863,2.15863,2.15863,2.15863,26.384742951674
2014-05-30,2.15863,2.15863,2.15863,2.15863,12.618790107323
2014-06-02,2.17362,2.18871,2.17362,2.18871,131.92371475837
2014-06-05,2.1962,2.1962,2.1962,2.1962,6.8829764221759
2014-06-06,2.1962,2.1962,2.1962,2.1962,12.618790107323
2014-06-09,2.1962,2.1962,2.1962,2.1962,12.618790107323
2014-06-10,2.1962,2.1962,2.1962,2.1962,26.384742951674
2014-06-11,2.1962,2.1962,2.1962,2.1962,12.618790107323
2014-06-12,2.1962,2.1962,2.1962,2.1962,5.7358136851466
2014-06-13,2.1962,2.1962,2.1962,2.1962,26.384742951674
2014-06-16,2.1962,2.1962,2.1962,2.1962,12.618790107323
2014-06-17,2.1962,2.1962,2.1962,2.1962,12.618790107323
2014-06-18,2.1962,2.1962,2.1962,2.1962,26.384742951674
2014-06-20,2.1962,2.1962,2.1962,2.1962,5.7358136851466
2014-06-23,2.1962,2.1962,2.1962,2.1962,86.037205277199
2014-06-24,2.1962,2.1962,2.1962,2.1962,5.7358136851466
2014-06-25,2.1962,2.1962,2.1962,2.1962,12.618790107323
2014-06-26,2.1962,2.1962,2.1962,2.1962,5.7358136851466
2014-06-27,2.1962,2.1962,2.1962,2.1962,26.384742951674
2014-06-30,2.1962,2.1962,2.1962,2.1962,12.618790107323
2014-07-01,2.1962,2.1962,2.1962,2.1962,26.384742951674
2014-07-02,2.1962,2.1962,2.1962,2.1962,12.618790107323
2014-07-03,2.18871,2.18871,2.18871,2.18871,333.82435647553
2014-07-04,2.18871,2.18871,2.18871,2.18871,53.916648640378
2014-07-07,2.18871,2.18871,2.18121,2.18121,869.54935466823
2014-07-08,2.18121,2.18121,2.18121,2.18121,12.618790107323
2014-07-09,2.18121,2.18121,2.18121,2.18121,12.618790107323
2014-07-10,2.18121,2.18121,2.18121,2.18121,41.297858533056
2014-07-11,2.18121,2.18121,2.18121,2.18121,12.618790107323
2014-07-14,2.18121,2.18121,2.18121,2.18121,12.618790107323
2014-07-15,2.18121,2.18121,2.18121,2.18121,32.120556636821
2014-07-16,2.18121,2.18871,2.18121,2.18871,172.0744105544
2014-07-17,2.2112,2.2261,2.2112,2.2261,203.04780445419
2014-07-18,2.2112,2.2112,2.2112,2.2112,12.618790107323
2014-07-21,2.2112,2.2112,2.2112,2.2112,12.618790107323
2014-07-22,2.2112,2.2112,2.2112,2.2112,12.618790107323
2014-07-23,2.2112,2.2112,2.2112,2.2112,12.618790107323
2014-07-24,2.2112,2.2112,2.2112,2.2112,12.618790107323
2014-07-25,2.2112,2.2112,2.02378,2.02378,1068.0085081743
2014-07-31,2.05377,2.05377,2.03868,2.05377,1547.5225322526
2014-08-01,2.05377,2.05377,2.05377,2.05377,12.618790107323
2014-08-04,2.05377,2.05377,2.05377,2.05377,26.384742951674
2014-08-05,2.01628,2.07626,1.96381,2.07626,1737.9515465994
2014-08-06,2.06876,2.06876,2.06876,2.06876,12.618790107323
2014-08-07,2.07626,2.07626,2.07626,2.07626,12.618790107323
2014-08-08,1.94881,1.99379,1.9414,1.99379,973.9411637379
2014-08-11,1.91133,1.91133,1.87393,1.87393,1000.3259066896
2014-08-12,1.87393,1.87393,1.87393,1.87393,26.384742951674
2014-08-13,1.87393,1.87393,1.87393,1.87393,26.384742951674
2014-08-14,1.87393,1.88884,1.79888,1.88884,186.98752613578
2014-08-18,1.91133,1.93382,1.91133,1.93382,48.180834955232
2014-08-19,1.9414,1.9414,1.9414,1.9414,12.618790107323
2014-08-20,1.9414,1.9414,1.9414,1.9414,12.618790107323
2014-08-21,1.9414,1.9414,1.9414,1.9414,12.618790107323
2014-08-22,1.9414,1.9414,1.9414,1.9414,12.618790107323
2014-08-25,1.94881,1.95622,1.94881,1.95622,68.829764221759
2014-09-04,1.95622,1.99379,1.95622,1.99379,172.0744105544
2014-09-10,2.02378,2.02378,2.02378,2.02378,68.829764221759
2014-09-15,1.91133,2.02378,1.89633,2.02378,946.40925804919
2014-09-16,1.91133,2.02378,1.87393,2.02378,920.02451509752
2014-09-17,2.01628,2.02378,1.87393,2.02378,1081.7744610187
2014-09-18,2.01628,2.01628,1.87393,2.00879,914.28870141237
2014-09-19,1.91133,2.00879,1.87393,2.00879,854.63623908685
2014-09-25,2.01628,2.01628,2.01628,2.01628,5.7358136851466
2014-09-26,2.01628,2.01628,2.01628,2.01628,26.384742951674
2014-09-29,2.01628,2.01628,2.01628,2.01628,12.618790107323
2014-09-30,2.01628,2.01628,2.01628,2.01628,12.618790107323
2014-10-01,2.01628,2.01628,2.01628,2.01628,26.384742951674
2014-10-02,2.01628,2.01628,2.01628,2.01628,12.618790107323
2014-10-03,2.01628,2.01628,2.01628,2.01628,20.648929266528
2014-10-06,1.94881,1.96381,1.85885,1.96381,557.52109019625
2014-10-13,1.85885,1.96381,1.83636,1.96381,1154.0457134515
2014-10-14,1.85135,1.93382,1.83636,1.93382,713.53522243224
2014-10-16,1.93382,1.93382,1.93382,1.93382,134.21804023243
2014-10-31,1.93382,2.17362,1.78397,2.17362,4173.3780373127
2014-11-03,1.94881,2.2186,1.80637,2.2186,3463.2843030915
2014-11-04,2.2112,2.2112,2.2112,2.2112,12.618790107323
2014-11-05,2.17362,2.17362,2.17362,2.17362,12.618790107323
2014-11-07,2.13614,2.17362,2.02378,2.17362,801.8667531835
2014-11-10,2.15122,2.15122,2.15122,2.15122,5.7358136851466
2014-11-12,2.15122,2.15122,2.15122,2.15122,12.618790107323
2014-11-13,2.15122,2.15122,2.15122,2.15122,12.618790107323
2014-11-14,2.15122,2.15122,2.15122,2.15122,12.618790107323
2014-11-17,2.15122,2.15122,2.00879,2.00879,231.72687287992
2014-11-18,2.15863,2.15863,2.06135,2.09116,203.04780445419
2014-11-20,2.09875,2.13614,2.09875,2.13614,135.36520296946
2014-12-04,2.17362,2.17362,2.17362,2.17362,134.21804023243
2014-12-08,2.24859,2.24859,2.24859,2.24859,200.75347898013
2014-12-09,2.24859,2.25609,2.24859,2.25609,68.829764221759
2014-12-16,2.24859,2.24859,2.24859,2.24859,26.384742951674
2014-12-17,2.24859,2.24859,2.24859,2.24859,26.384742951674
2014-12-19,2.25609,2.25609,2.25609,2.25609,80.301391592053
2014-12-22,2.26368,2.26368,2.26368,2.26368,26.384742951674
2014-12-23,2.25609,2.25609,2.25609,2.25609,41.297858533056
2014-12-29,2.26368,2.27108,2.26368,2.27108,80.301391592053
2015-01-15,2.27108,2.27108,2.27108,2.27108,333.82435647553
2015-01-23,2.17362,2.17362,2.17362,2.17362,41.297858533056
2015-01-30,2.12114,2.24859,2.12114,2.24859,348.73747205691
2015-02-26,2.24859,2.24859,2.24859,2.24859,2.2943254740586
2015-05-08,2.12114,2.25609,2.12114,2.25609,25.237580214645
2015-05-18,2.32356,2.32356,2.32356,2.32356,134.21804023243
2015-05-20,2.33115,2.39852,2.33115,2.39852,240.90417477616
2015-05-25,2.41352,2.41352,2.41352,2.41352,20.648929266528
2015-05-27,2.41352,2.54846,2.41352,2.54846,259.25877856863
2015-05-29,2.57095,2.57095,2.57095,2.57095,12.618790107323
2015-06-02,2.58594,2.58594,2.58594,2.58594,14.913115581381
2015-06-10,2.58594,2.69831,2.58594,2.69831,281.05487057218
2015-06-12,2.7208,2.7208,2.7208,2.7208,12.618790107323
2015-06-15,2.73588,2.99818,2.73588,2.99818,611.43773883663
2015-06-16,2.93812,2.99818,2.93812,2.99818,145.68966760272
2015-06-17,2.99818,2.99818,2.99818,2.99818,12.618790107323
2015-06-18,2.99818,3.01317,2.99818,3.01317,79.154228855023
2015-06-22,3.02817,3.02817,3.02817,3.02817,12.618790107323
2015-06-23,3.03558,3.03558,3.03558,3.03558,12.618790107323
2015-06-25,3.03558,3.03558,3.03558,3.03558,10.324464633264
2015-07-13,3.03558,3.03558,3.03558,3.03558,25.237580214645
2015-07-27,2.88573,3.03558,2.82584,3.03558,217.96092003557
2015-07-28,2.84825,2.97569,2.83325,2.97569,160.60278318411
2015-07-31,2.97569,2.99818,2.97569,2.99818,14.913115581381
2015-08-03,2.84825,2.84825,2.84825,2.84825,41.297858533056
2015-08-04,2.84825,2.84825,2.84825,2.84825,12.618790107323
2015-08-05,2.93812,2.93812,2.93812,2.93812,12.618790107323
2015-08-06,2.77336,2.99818,2.77336,2.99818,95.214507173434
2015-08-17,2.99818,2.99818,2.99818,2.99818,227.13822193181
2015-08-20,2.84825,2.89323,2.79577,2.89323,281.05487057218
2015-08-24,2.77336,2.77336,2.69831,2.74337,268.43608046486
2015-08-25,2.81076,2.81076,2.81076,2.81076,186.98752613578
2015-08-31,2.84825,2.88573,2.84825,2.88573,14.913115581381
2015-09-02,2.79577,2.79577,2.73588,2.73588,196.16482803201
2015-10-08,2.77336,2.81076,2.77336,2.81076,267.28891772783
2015-11-02,2.84825,2.86332,2.84825,2.86332,267.28891772783
2015-12-21,2.73588,2.89323,2.73588,2.89323,49.327997692261
2016-01-19,2.89323,2.89323,2.89323,2.89323,12.618790107323
2016-01-20,2.89323,2.89323,2.89323,2.89323,12.618790107323
2016-01-21,2.89323,2.89323,2.89323,2.89323,12.618790107323
2016-01-22,2.89323,2.89323,2.89323,2.89323,12.618790107323
2016-01-25,2.89323,2.89323,2.89323,2.89323,12.618790107323
2016-01-26,2.89323,2.89323,2.89323,2.89323,12.618790107323
2016-02-12,2.89323,2.89323,2.89323,2.89323,666.50155021404
2016-03-23,2.77336,2.77336,2.77336,2.77336,107.83329728076
2016-03-29,2.78077,2.78077,2.78077,2.78077,26.384742951674
2016-04-04,2.77336,2.77336,2.77336,2.77336,115.86343643996
2016-05-09,2.77336,2.84825,2.77336,2.84825,14.913115581381
2016-05-18,2.84825,2.84825,2.84825,2.84825,10.324464633264
2016-05-19,2.87823,2.87823,2.87823,2.87823,26.384742951674
2016-05-20,2.87823,2.87823,2.87823,2.87823,5.7358136851466
2016-05-23,2.87823,2.87823,2.87823,2.87823,20.648929266528
2016-05-24,2.87823,2.87823,2.87823,2.87823,12.618790107323
2016-05-25,2.87823,2.87823,2.69831,2.69831,306.29245078683
2016-06-03,2.62343,2.62343,2.61585,2.61585,200.75347898013
2016-06-06,2.62343,2.78836,2.62343,2.78836,2986.0646044873
2016-06-08,2.66083,2.66083,2.62343,2.62343,290.23217246842
2016-06-09,2.66083,2.66083,2.66083,2.66083,12.618790107323
2016-06-10,2.6909,2.6909,2.6909,2.6909,12.618790107323
2016-06-13,2.6909,2.6909,2.6909,2.6909,12.618790107323
2016-06-14,2.6909,2.6909,2.6909,2.6909,12.618790107323
2016-06-15,2.6909,2.6909,2.6909,2.6909,12.618790107323
2016-06-16,2.6909,2.6909,2.6909,2.6909,12.618790107323
2016-06-17,2.6909,2.6909,2.6909,2.6909,12.618790107323
2016-06-20,2.6909,2.6909,2.6909,2.6909,12.618790107323
2016-06-21,2.6909,2.6909,2.6909,2.6909,12.618790107323
2016-06-22,2.6909,2.6909,2.6909,2.6909,12.618790107323
2016-06-23,2.6909,2.6909,2.6909,2.6909,12.618790107323
2016-06-24,2.6909,2.6909,2.6909,2.6909,5.7358136851466
2016-06-27,2.6909,2.6909,2.6909,2.6909,12.618790107323
2016-06-28,2.6909,2.6909,2.6909,2.6909,5.7358136851466
2016-06-29,2.6909,2.6909,2.6909,2.6909,12.618790107323
2016-06-30,2.6909,2.6909,2.6909,2.6909,193.87050255796
2016-07-01,2.6909,2.6909,2.6909,2.6909,20.648929266528
2016-07-04,2.6909,2.6909,2.6909,2.6909,12.618790107323
2016-07-05,2.6909,2.6909,2.6909,2.6909,12.618790107323
2016-07-06,2.6909,2.6909,2.6909,2.6909,12.618790107323
2016-07-07,2.6909,2.6909,2.6909,2.6909,12.618790107323
2016-08-01,2.62343,2.62343,2.62343,2.62343,666.50155021404
2016-09-08,2.58594,2.58594,2.32356,2.32356,13416.068209558
2016-09-09,2.32356,2.34605,2.32356,2.32356,1728.7742447032
2016-09-12,2.39852,2.39852,2.32356,2.32356,1507.3718364565
2016-09-13,2.32356,2.32356,2.32356,2.32356,53.916648640378
2016-09-14,2.32356,2.32356,2.32356,2.32356,41.297858533056
2016-09-15,2.32356,2.32356,2.32356,2.32356,26.384742951674
2016-09-16,2.32356,2.32356,2.32356,2.32356,41.297858533056
2016-09-19,2.32356,2.32356,2.32356,2.32356,41.297858533056
2016-09-20,2.32356,2.32356,2.32356,2.32356,26.384742951674
2016-09-21,2.32356,2.32356,2.32356,2.32356,53.916648640378
2016-09-22,2.32356,2.32356,2.32356,2.32356,55.063811377408
2016-09-23,2.32356,2.32356,2.32356,2.32356,41.297858533056
2016-09-26,2.32356,2.32356,2.32356,2.32356,26.384742951674
2016-09-27,2.32356,2.32356,2.32356,2.32356,26.384742951674
2016-09-28,2.32356,2.32356,2.32356,2.32356,32.120556636821
2016-09-29,2.32356,2.32356,2.32356,2.32356,12.618790107323
2016-09-30,2.32356,2.32356,2.32356,2.32356,26.384742951674
2016-10-03,2.32356,2.32356,2.32356,2.32356,41.297858533056
2016-10-04,2.32356,2.32356,2.32356,2.32356,60.799625062554
2016-10-05,2.32356,2.39852,2.32356,2.32356,66.535438747701
2016-10-06,2.32356,2.32356,2.32356,2.32356,12.618790107323
2016-10-07,2.32356,2.32356,2.32356,2.32356,26.384742951674
2016-10-10,2.32356,2.62343,2.32356,2.39103,510.48741797805
2016-10-28,2.47349,2.52588,2.47349,2.52588,55.063811377408
2016-12-05,2.54846,2.58594,2.54846,2.58594,68.829764221759
2016-12-15,2.4585,2.4585,2.4585,2.4585,827.10433339814
2017-01-26,2.47349,2.84825,2.44342,2.73588,3301.5343571704
2017-01-27,2.43601,2.84075,2.14381,2.62343,1003.7673949007
2017-01-30,2.54846,2.54846,2.51098,2.51098,412.97858533056
2017-01-31,2.43601,2.54846,2.43601,2.54846,254.67012762051
2017-02-21,2.54846,2.54846,2.52588,2.52588,2668.3005263302
2017-02-23,2.54846,2.54846,2.54846,2.54846,35.562044847909
2017-02-24,2.54846,2.54846,2.54846,2.54846,2413.6303987097
2017-02-27,2.54846,2.57836,2.54846,2.57836,3755.810801034
2017-02-28,2.57836,2.57836,2.57836,2.57836,30.973393899792
2017-03-01,2.57836,2.57836,2.57836,2.57836,12.618790107323
2017-03-02,2.57836,2.57836,2.57836,2.57836,26.384742951674
2017-03-03,2.57836,2.57836,2.57836,2.57836,20.648929266528
2017-03-06,2.57836,2.57836,2.57836,2.57836,32.120556636821
2017-03-07,2.57836,2.57836,2.57836,2.57836,12.618790107323
2017-03-08,2.57836,2.57836,2.57836,2.57836,12.618790107323
2017-03-09,2.57836,2.57836,2.57836,2.57836,12.618790107323
2017-03-10,2.57836,2.57836,2.57836,2.57836,12.618790107323
2017-03-13,2.57836,2.57836,2.57836,2.57836,12.618790107323
2017-03-14,2.57836,2.57836,2.57836,2.57836,12.618790107323
2017-03-15,2.57836,2.57836,2.57836,2.57836,12.618790107323
2017-03-16,2.57836,2.57836,2.57836,2.57836,12.618790107323
2017-03-17,2.57836,2.57836,2.57836,2.57836,12.618790107323
2017-03-20,2.57836,2.57836,2.57836,2.57836,12.618790107323
2017-03-21,2.57836,2.57836,2.57836,2.57836,12.618790107323
2017-03-22,2.57836,2.57836,2.57836,2.57836,35.562044847909
2017-03-23,2.57836,2.57836,2.57836,2.57836,12.618790107323
2017-03-24,2.57836,2.57836,2.57836,2.57836,27.531905688704
2017-05-02,2.57095,2.57095,2.57095,2.57095,26.384742951674
2017-05-04,2.57095,2.57095,2.57095,2.57095,26.384742951674
2017-05-05,2.57095,2.57095,2.57095,2.57095,26.384742951674
2017-05-08,2.57095,2.57095,2.57095,2.57095,20.648929266528
2017-05-09,2.57095,2.57095,2.57095,2.57095,12.618790107323
2017-05-10,2.57095,2.57095,2.57095,2.57095,26.384742951674
2017-05-11,2.57095,2.57095,2.57095,2.57095,26.384742951674
2017-05-12,2.57095,2.57095,2.57095,2.57095,26.384742951674
2017-05-15,2.57095,2.57095,2.57095,2.57095,19.501766529499
2017-05-16,2.57095,2.57095,2.57095,2.57095,12.618790107323
2017-05-17,2.57095,2.57095,2.57095,2.57095,12.618790107323
2017-05-18,2.57095,2.57095,2.57095,2.57095,12.618790107323
2017-05-19,2.57095,2.57095,2.57095,2.57095,20.648929266528
2017-05-22,2.57095,2.57095,2.57095,2.57095,20.648929266528
2017-05-23,2.57095,2.57095,2.57095,2.57095,20.648929266528
2017-05-24,2.57095,2.60843,2.57095,2.60843,1261.8790107323
2017-06-07,2.51847,2.51847,2.46609,2.46609,533.43067271864
2017-06-08,2.54846,2.57095,2.54846,2.57095,134.21804023243
2017-06-22,2.54846,2.54846,2.4809,2.4809,1080.6272982816
2017-07-11,2.51917,3.01536,2.41221,2.4429,612.58490157366
2017-08-07,2.36653,2.36653,2.36653,2.36653,431.33318912303
2017-08-10,2.38179,2.40463,2.38179,2.40463,589.64164683307
2017-08-18,2.4429,2.59544,2.37412,2.59544,316.61691542009
2017-08-21,2.66423,2.66423,2.56494,2.56494,315.46975268306
2017-08-22,2.56494,2.56494,2.56494,2.56494,655.02992284374
2017-09-11,2.4429,2.4429,2.41221,2.41221,446.24630470441
2017-09-12,2.41221,2.41221,2.41221,2.41221,12.618790107323
2017-09-13,2.41221,2.41221,2.41221,2.41221,12.618790107323
2017-09-14,2.41221,2.41221,2.41221,2.41221,12.618790107323
2017-09-15,2.41221,2.41221,2.41221,2.41221,12.618790107323
2017-09-18,2.41221,2.41221,2.41221,2.41221,12.618790107323
2017-09-19,2.41221,2.41221,2.41221,2.41221,12.618790107323
2017-09-20,2.41221,2.41221,2.36653,2.36653,39.003533058997
2017-09-21,2.29018,2.29018,2.29018,2.29018,12.618790107323
2017-09-22,1.83209,2.13754,1.83209,2.13754,811.04405507973
2017-09-25,2.10685,2.29018,2.10685,2.29018,617.17355252178
2017-09-26,2.22148,2.22148,2.12228,2.12228,2254.1747782626
2017-09-27,2.17554,2.29018,2.17554,2.29018,339.56017016068
2017-09-29,2.19088,2.19088,2.19088,2.19088,2.2943254740586
2017-10-16,2.21381,2.65656,2.20623,2.58786,1650.7671785852
2017-10-17,2.66423,2.66423,2.59544,2.59544,104.39180906967
2017-10-31,2.51917,2.51917,2.29018,2.29018,2501.961929461
2017-11-02,2.29018,2.29018,2.29018,2.29018,12.618790107323
2017-11-03,2.29018,2.29018,2.29018,2.29018,12.618790107323
2017-11-23,2.21381,2.21381,2.20623,2.20623,641.26396999939
2017-11-24,2.18322,2.54201,2.18322,2.54201,1162.0758526107
2017-11-27,2.19088,2.19088,2.13754,2.13754,1162.0758526107
2017-11-28,2.16037,2.16037,2.16037,2.16037,26.384742951674
2017-11-29,2.16037,2.16037,2.16037,2.16037,26.384742951674
2017-11-30,2.16037,2.16037,2.16037,2.16037,26.384742951674
2017-12-01,2.16037,2.16037,2.16037,2.16037,26.384742951674
2017-12-04,2.16037,2.16037,2.16037,2.16037,12.618790107323
2017-12-05,2.16037,2.16037,2.16037,2.16037,26.384742951674
2017-12-06,2.16037,2.16037,2.16037,2.16037,26.384742951674
2017-12-07,2.16037,2.16037,2.16037,2.16037,26.384742951674
2017-12-08,2.16037,2.16037,2.16037,2.16037,221.40240824666
2017-12-11,2.16037,2.16037,2.16037,2.16037,26.384742951674
2017-12-12,2.16037,2.16037,2.16037,2.16037,26.384742951674
2017-12-13,2.16037,2.16037,2.16037,2.16037,26.384742951674
2017-12-14,2.16037,2.16037,2.16037,2.16037,26.384742951674
2017-12-15,2.16037,2.16037,2.16037,2.16037,26.384742951674
2017-12-20,2.12228,2.12228,2.12228,2.12228,549.49095103705
2018-01-12,2.12228,2.67181,2.12228,2.67181,967.05818731572
2018-01-15,2.67181,2.67181,2.36653,2.36653,1684.034897959
2018-01-31,2.35119,2.35119,2.35119,2.35119,12.618790107323
2018-02-01,2.35119,2.35119,2.35119,2.35119,12.618790107323
2018-02-02,2.35119,2.35119,2.35119,2.35119,12.618790107323
2018-02-05,2.35119,2.35119,2.35119,2.35119,12.618790107323
2018-02-06,2.35119,2.35119,2.35119,2.35119,12.618790107323
2018-02-07,2.35119,2.35119,2.35119,2.35119,12.618790107323
2018-02-08,2.35119,2.35119,2.35119,2.35119,12.618790107323
2018-02-09,2.35119,2.35119,2.35119,2.35119,12.618790107323
2018-02-12,2.35119,2.35119,2.35119,2.35119,12.618790107323
2018-02-13,2.35119,2.35119,2.35119,2.35119,12.618790107323
2018-02-14,2.35119,2.35119,2.35119,2.35119,143.39534212867
2018-02-15,2.35119,2.35119,2.35119,2.35119,12.618790107323
2018-02-16,2.35119,2.35119,2.35119,2.35119,12.618790107323
2018-02-19,2.35119,2.35119,2.35119,2.35119,12.618790107323
2018-02-20,2.35119,2.35119,2.35119,2.35119,12.618790107323
2018-02-21,2.35119,2.35119,2.35119,2.35119,12.618790107323
2018-02-22,2.35119,2.35119,2.35119,2.35119,16.060278318411
2018-02-23,2.35119,2.35119,2.35119,2.35119,16.060278318411
2018-02-26,2.35119,2.35119,2.35119,2.35119,16.060278318411
2018-02-27,2.35119,2.35119,2.35119,2.35119,12.618790107323
2018-02-28,2.35119,2.35119,2.35119,2.35119,16.060278318411
2018-03-02,2.35119,2.35119,2.35119,2.35119,12.618790107323
2018-03-05,2.35119,2.35119,2.35119,2.35119,12.618790107323
2018-03-06,2.35119,2.35119,2.35119,2.35119,16.060278318411
2018-03-07,2.35119,2.35119,2.35119,2.35119,12.618790107323
2018-03-08,2.35119,2.35119,2.35119,2.35119,12.618790107323
2018-03-09,2.35119,2.35119,2.35119,2.35119,12.618790107323
2018-03-12,2.35119,2.35119,2.35119,2.35119,12.618790107323
2018-03-13,2.35119,2.35119,2.35119,2.35119,12.618790107323
2018-03-14,2.35119,2.35119,2.35119,2.35119,16.060278318411
2018-03-15,2.35119,2.35119,2.35119,2.35119,16.060278318411
2018-03-16,2.35119,2.35119,2.35119,2.35119,12.618790107323
2018-03-19,2.35119,2.35119,2.35119,2.35119,12.618790107323
2018-03-20,2.35119,2.35119,2.35119,2.35119,12.618790107323
2018-03-21,2.35119,2.35119,2.21381,2.21381,1211.403850303
2018-03-26,2.19855,2.19855,2.19855,2.19855,12.618790107323
2018-03-27,2.19855,2.19855,2.19855,2.19855,16.060278318411
2018-03-28,2.19855,2.19855,2.19855,2.19855,12.618790107323
2018-03-29,2.19855,2.19855,2.19855,2.19855,12.618790107323
2018-04-30,2.18322,2.18322,2.18322,2.18322,12.618790107323
2018-05-02,2.18322,2.18322,2.18322,2.18322,12.618790107323
2018-05-04,2.18322,2.18322,2.18322,2.18322,19.501766529499
2018-05-07,2.18322,2.18322,2.18322,2.18322,12.618790107323
2018-05-08,2.18322,2.18322,2.18322,2.18322,12.618790107323
2018-05-09,2.18322,2.18322,2.18322,2.18322,12.618790107323
2018-05-10,2.18322,2.18322,2.18322,2.18322,12.618790107323
2018-05-11,2.18322,2.18322,2.18322,2.18322,12.618790107323
2018-05-14,2.18322,2.18322,2.18322,2.18322,12.618790107323
2018-05-15,2.18322,2.18322,2.18322,2.18322,12.618790107323
2018-05-16,2.18322,2.18322,2.18322,2.18322,275.31905688704
2018-05-17,2.18322,2.18322,2.18322,2.18322,12.618790107323
2018-05-18,2.18322,2.18322,2.18322,2.18322,12.618790107323
2018-05-21,2.18322,2.18322,2.18322,2.18322,12.618790107323
2018-05-22,2.18322,2.18322,2.18322,2.18322,12.618790107323
2018-05-23,2.18322,2.18322,2.18322,2.18322,16.060278318411
2018-05-24,2.18322,2.18322,2.18322,2.18322,12.618790107323
2018-05-25,2.18322,2.18322,2.18322,2.18322,12.618790107323
2018-05-28,2.18322,2.18322,2.18322,2.18322,12.618790107323
2018-05-29,2.18322,2.18322,2.18322,2.18322,26.384742951674
2018-05-30,2.18322,2.18322,2.18322,2.18322,12.618790107323
2018-06-01,2.18322,2.18322,2.18322,2.18322,12.618790107323
2018-06-04,2.18322,2.18322,2.18322,2.18322,12.618790107323
2018-06-05,2.18322,2.18322,2.18322,2.18322,12.618790107323
2018-06-06,2.18322,2.18322,2.18322,2.18322,12.618790107323
2018-06-07,2.18322,2.18322,2.18322,2.18322,12.618790107323
2018-06-08,2.18322,2.18322,2.18322,2.18322,12.618790107323
2018-06-11,2.18322,2.18322,2.18322,2.18322,12.618790107323
2018-06-12,2.18322,2.18322,2.18322,2.18322,16.060278318411
2018-06-13,2.18322,2.18322,2.18322,2.18322,14.913115581381
2018-06-15,2.10685,2.10685,2.10685,2.10685,956.73372268246
2018-07-02,2.10685,2.10685,2.10685,2.10685,39.003533058997
2018-07-09,2.13858,2.53469,2.13858,2.53469,1023.2691614302
2018-07-10,2.53469,3.00995,2.37629,3.00995,430.186026386
2018-07-11,3.00995,3.00995,2.97822,2.97822,39.003533058997
2018-07-12,2.96236,2.96236,2.96236,2.96236,5.7358136851466
2018-07-13,2.93071,2.93071,2.93071,2.93071,5.7358136851466
2018-07-16,2.89898,2.89898,2.89898,2.89898,19.501766529499
2018-07-17,2.89898,3.40597,2.89898,3.16825,586.20015862198
2018-07-18,2.89898,3.16825,2.89898,3.16825,1274.4978008396
2018-07-19,2.75646,2.75646,2.75646,2.75646,676.8260148473
2018-07-24,2.75646,2.75646,2.75646,2.75646,12.618790107323
2018-07-25,2.69308,2.69308,2.69308,2.69308,12.618790107323
2018-07-26,2.69308,2.69308,2.69308,2.69308,12.618790107323
2018-07-27,2.69308,2.69308,2.69308,2.69308,12.618790107323
2018-07-30,2.69308,2.69308,2.69308,2.69308,12.618790107323
2018-07-31,2.69308,2.69308,2.69308,2.69308,12.618790107323
2018-08-03,2.69308,2.69308,2.69308,2.69308,12.618790107323
2018-08-06,2.69308,2.69308,2.69308,2.69308,12.618790107323
2018-08-08,2.55046,2.55046,2.36043,2.36043,1666.8274569036
2018-08-09,2.29697,2.29697,2.2812,2.2812,909.70005046425
2018-08-10,2.2812,2.2812,2.2812,2.2812,884.46247024961
2018-08-13,2.2812,2.2812,2.2812,2.2812,378.56370321968
2018-08-14,2.2812,2.2812,2.2812,2.2812,12.618790107323
2018-08-16,2.2812,2.2812,2.2812,2.2812,12.618790107323
2018-08-17,2.2812,2.2812,2.2812,2.2812,12.618790107323
2018-08-20,2.2812,2.29697,2.2812,2.29697,884.46247024961
2018-09-03,2.29697,2.29697,2.29697,2.29697,12.618790107323
2018-09-04,2.29697,2.29697,2.29697,2.29697,12.618790107323
2018-09-05,2.29697,2.29697,2.29697,2.29697,12.618790107323
2018-09-06,2.29697,2.29697,2.29697,2.29697,12.618790107323
2018-09-07,2.29697,2.29697,2.29697,2.29697,12.618790107323
2018-09-10,2.29697,2.29697,2.29697,2.29697,12.618790107323
2018-09-11,2.2812,2.2812,2.2812,2.2812,12.618790107323
2018-09-12,2.2812,2.2812,2.2812,2.2812,12.618790107323
2018-09-13,2.2812,2.2812,2.2812,2.2812,12.618790107323
2018-09-14,2.2812,2.2812,2.2812,2.2812,12.618790107323
2018-09-17,2.2812,2.2812,2.2812,2.2812,25.237580214645
2018-09-18,2.2812,2.2812,2.2812,2.2812,12.618790107323
2018-09-19,2.2812,2.2812,2.2812,2.2812,12.618790107323
2018-09-20,2.2812,2.2812,2.2812,2.2812,12.618790107323
2018-09-21,2.2812,2.2812,2.2812,2.2812,12.618790107323
2018-09-24,2.2812,2.2812,2.2812,2.2812,12.618790107323
2018-09-25,2.2812,2.2812,2.2812,2.2812,12.618790107323
2018-09-26,2.2812,2.2812,2.2812,2.2812,12.618790107323
2018-09-27,2.2812,2.2812,2.2812,2.2812,12.618790107323
2018-09-28,2.2812,2.2812,2.2812,2.2812,12.618790107323
2018-10-15,2.2812,2.2812,2.2812,2.2812,12.618790107323
2018-10-18,2.2812,2.2812,2.2812,2.2812,12.618790107323
2018-10-25,2.21782,2.21782,2.21782,2.21782,3.441488211088
2018-11-05,2.21782,2.21782,2.21782,2.21782,12.618790107323
2018-11-06,2.21782,2.21782,2.21782,2.21782,12.618790107323
2018-11-07,2.21782,2.21782,2.21782,2.21782,12.618790107323
2018-11-08,2.21782,2.21782,2.21782,2.21782,12.618790107323
2018-11-09,2.21782,2.21782,2.21782,2.21782,12.618790107323
2018-11-13,2.21782,2.21782,2.21782,2.21782,12.618790107323
2018-11-14,2.21782,2.21782,2.21782,2.21782,12.618790107323
2018-11-15,2.21782,2.21782,2.21782,2.21782,12.618790107323
2018-11-16,2.21782,2.21782,2.21782,2.21782,12.618790107323
2018-11-19,2.21782,2.21782,2.21782,2.21782,12.618790107323
2018-12-07,2.20196,2.20196,2.20196,2.20196,12.618790107323
2018-12-11,2.20196,2.20196,2.20196,2.20196,12.618790107323
2018-12-14,2.13858,2.13858,2.13858,2.13858,12.618790107323
2018-12-19,2.13858,2.13858,2.13858,2.13858,12.618790107323
2019-01-08,2.13858,2.13858,2.13858,2.13858,12.618790107323
2019-01-09,2.13858,2.13858,2.13858,2.13858,12.618790107323
2019-01-10,2.13858,2.13858,2.13858,2.13858,12.618790107323
2019-01-11,2.13858,2.13858,2.13858,2.13858,12.618790107323
2019-01-14,2.13858,2.13858,2.13858,2.13858,12.618790107323
2019-01-15,2.13858,2.13858,2.13858,2.13858,12.618790107323
2019-01-16,2.13858,2.13858,2.13858,2.13858,12.618790107323
2019-01-17,2.13858,2.13858,2.13858,2.13858,12.618790107323
2019-01-18,2.13858,2.13858,2.13858,2.13858,12.618790107323
2019-01-21,2.13858,2.13858,2.13858,2.13858,12.618790107323
2019-01-22,2.13858,2.13858,2.13858,2.13858,12.618790107323
2019-01-23,2.13858,2.13858,2.13858,2.13858,12.618790107323
2019-01-24,2.13858,2.13858,2.13858,2.13858,12.618790107323
2019-01-25,2.13858,2.13858,2.13858,2.13858,12.618790107323
2019-01-28,2.13858,2.13858,2.13858,2.13858,12.618790107323
2019-01-29,2.13858,2.13858,2.13858,2.13858,12.618790107323
2019-01-30,2.13858,2.13858,2.13858,2.13858,12.618790107323
2019-01-31,2.13858,2.13858,2.05943,2.13858,1003.7673949007
2019-02-01,2.13858,2.13858,2.13858,2.13858,12.618790107323
2019-02-04,2.13858,2.13858,2.13858,2.13858,12.618790107323
2019-02-05,2.13858,2.13858,2.13858,2.13858,12.618790107323
2019-02-06,2.13858,2.13858,2.13858,2.13858,12.618790107323
2019-02-07,2.05943,2.13858,2.05943,2.13858,26.384742951674
2019-02-08,2.13858,2.13858,2.13858,2.13858,12.618790107323
2019-02-11,2.13858,2.13858,2.13858,2.13858,12.618790107323
2019-02-12,2.13858,2.13858,2.13858,2.13858,12.618790107323
2019-02-15,2.05943,2.05943,2.05943,2.05943,978.52981468601
2019-02-18,2.05943,2.05943,2.05943,2.05943,12.618790107323
2019-02-19,2.05943,2.05943,2.05943,2.05943,12.618790107323
2019-02-20,2.05943,2.05943,2.05943,2.05943,12.618790107323
2019-02-21,2.05943,2.77223,2.05943,2.77223,2411.3360732356
2019-02-22,2.75646,2.75646,2.21782,2.53469,13730.390799504
2019-02-25,2.51883,2.51883,2.05943,2.05943,2215.1712452036
2019-02-26,2.12272,2.12272,2.12272,2.12272,12.618790107323
2019-03-04,2.12272,2.12272,2.12272,2.12272,12.618790107323
2019-03-06,2.12272,2.12272,2.12272,2.12272,12.618790107323
2019-03-07,2.12272,2.12272,2.12272,2.12272,12.618790107323
2019-03-08,2.12272,2.12272,2.12272,2.12272,12.618790107323
2019-03-11,2.12272,2.12272,2.12272,2.12272,12.618790107323
2019-03-12,2.12272,2.12272,2.12272,2.12272,12.618790107323
2019-03-13,2.12272,2.12272,2.12272,2.12272,12.618790107323
2019-03-14,2.12272,2.12272,2.12272,2.12272,12.618790107323
2019-03-15,2.12272,2.12272,2.12272,2.12272,12.618790107323
2019-03-18,2.12272,2.12272,2.12272,2.12272,264.99459225377
2019-03-19,2.12272,2.12272,2.12272,2.12272,12.618790107323
2019-03-20,2.12272,2.12272,2.12272,2.12272,12.618790107323
2019-03-21,2.12272,2.12272,2.12272,2.12272,12.618790107323
2019-03-22,2.12272,2.12272,2.12272,2.12272,297.11514889059
2019-03-25,2.12272,2.12272,2.12272,2.12272,12.618790107323
2019-03-26,2.12272,2.12272,2.12272,2.12272,12.618790107323
2019-03-27,2.12272,2.12272,2.12272,2.12272,12.618790107323
2019-03-28,2.12272,2.12272,2.12272,2.12272,12.618790107323
2019-03-29,2.12272,2.12272,2.12272,2.12272,12.618790107323
2019-05-09,2.09107,2.09107,2.09107,2.09107,5.7358136851466
2019-05-10,2.09107,2.09107,2.09107,2.09107,5.7358136851466
2019-05-13,2.09107,2.09107,2.09107,2.09107,12.618790107323
2019-05-14,2.10685,2.10685,2.10685,2.10685,12.618790107323
2019-05-15,2.10685,2.51883,2.10685,2.51883,1054.2425553299
2019-05-16,2.51883,2.83569,2.51883,2.83569,69.976926958789
2019-05-17,2.81982,2.81982,2.81982,2.81982,12.618790107323
2019-05-20,2.81982,2.81982,2.21782,2.21782,1041.6237652226
2019-05-21,2.45545,2.83569,2.45545,2.83569,580.46434493684
2019-05-22,2.83569,2.83569,2.83569,2.83569,5.7358136851466
2019-05-23,2.83569,2.83569,2.83569,2.83569,5.7358136851466
2019-05-24,2.83569,2.83569,2.83569,2.83569,5.7358136851466
2019-05-27,2.83569,2.83569,2.83569,2.83569,5.7358136851466
2019-05-28,2.83569,2.83569,2.83569,2.83569,5.7358136851466
2019-05-29,2.83569,2.83569,2.83569,2.83569,5.7358136851466
2019-05-30,2.83569,2.83569,2.83569,2.83569,5.7358136851466
2019-05-31,2.83569,2.83569,2.83569,2.83569,5.7358136851466
2019-06-03,2.81982,2.81982,2.69308,2.69308,1770.0721032362
2019-06-04,2.64557,2.64557,2.12272,2.12272,4153.8762707832
2019-06-05,2.09107,2.09107,2.05943,2.05943,858.07772729793
2019-06-06,2.05943,2.05943,1.90103,1.91682,2882.8199581547
2019-06-07,1.93268,1.93268,1.72678,1.72678,1928.3805609463
2019-06-14,1.8218,1.8218,1.8218,1.8218,1098.9819020741
2019-06-17,1.98019,1.98019,1.98019,1.98019,1597.9976926818
2019-06-18,1.99606,1.99606,1.99606,1.99606,64.241113273642
2019-06-21,1.98019,1.98019,1.98019,1.98019,1035.8879515375
2019-06-24,1.98019,1.98019,1.96433,1.96433,2282.8538466884
2019-06-25,1.91682,2.01183,1.74256,1.96433,3408.2204917141
2019-06-26,1.96433,1.99606,1.96433,1.99606,252.37580214645
2019-06-27,1.90103,1.90103,1.8693,1.8693,1327.2672867429
2019-07-04,1.96947,1.96947,1.96947,1.96947,1018.680510482
2019-07-09,1.90269,1.90269,1.90269,1.90269,1053.0953925929
2019-08-06,1.95273,1.95273,1.95273,1.95273,659.61857379186
2019-08-08,1.96947,1.96947,1.96947,1.96947,1018.680510482
2019-08-26,1.93608,1.93608,1.91935,1.93608,2084.3946931823
2019-08-27,1.98612,1.98612,1.98612,1.98612,479.51402407826
2019-08-28,1.96947,2.00286,1.96947,2.00286,2169.2847357225
2019-08-30,2.00286,2.05289,2.00286,2.05289,1241.2300814657
2019-09-06,2.16971,2.16971,2.16971,2.16971,925.76032878266
2019-09-09,2.20309,2.20309,2.20309,2.20309,1828.5774028247
2019-09-10,2.23648,2.30325,2.23648,2.30325,1236.6414305176
2019-09-17,2.21982,2.21982,2.21982,2.21982,901.66991130505
2019-09-23,2.13631,2.13631,2.13631,2.13631,838.57596076844
2019-10-10,2.11966,2.11966,2.05289,2.05289,500.16295334479
2019-10-28,2.08628,2.08628,2.08628,2.08628,239.75701203913
2019-10-29,2.08628,2.08628,2.08628,2.08628,237.46268656507
2019-11-12,1.96947,1.96947,1.96947,1.96947,237.46268656507
2019-12-05,2.00286,2.00286,2.00286,2.00286,1000.3259066896
2019-12-06,2.05289,2.05289,2.05289,2.05289,983.11846563413
2019-12-17,1.93608,2.25321,1.91935,2.25321,2069.4815776009
2020-01-21,2.03624,2.03624,2.03624,2.03624,220.25524550963
2020-01-30,1.96947,2.00286,1.7525,2.00286,1292.852404632
2020-01-31,1.95273,2.05289,1.95273,2.00286,2078.6588794971
2020-02-11,2.05289,2.23648,2.05289,2.23648,2010.9762780124
2020-02-25,2.10292,2.10292,2.10292,2.10292,959.02804815652
2020-02-26,2.00286,2.10292,2.00286,2.10292,1951.3238156869
2020-02-27,1.91935,1.91935,1.91935,1.91935,1042.7709279597
2020-02-28,1.80253,1.98612,1.7525,1.98612,5146.1720383135
2020-05-04,1.68573,1.68573,1.58556,1.58556,2132.5755281375
2020-05-05,1.7525,1.76915,1.7525,1.76915,360.20909942721
2020-05-11,1.76915,1.80253,1.76915,1.80253,1201.0793856697
2020-05-12,2.11966,2.16971,2.06954,2.16971,2640.7686206415
2020-05-13,2.11966,2.11966,2.11966,2.11966,354.47328574206
2020-05-18,1.71911,1.7525,1.71911,1.73576,2871.3483307844
2020-05-20,1.91935,2.11966,1.85257,2.11966,634.38099357722
2020-05-22,1.8693,1.8693,1.8693,1.8693,274.17189415001
2020-06-02,2.08628,2.08628,2.08628,2.08628,2298.9141250068
2020-06-04,2.26986,2.26986,2.26986,2.26986,419.86156175273
2020-06-08,2.26986,2.26986,2.26986,2.26986,598.81894872931
2020-06-24,2.28651,2.28651,2.28651,2.28651,455.42360660064
2020-07-03,2.28651,2.33664,2.28651,2.33664,743.361453595
2020-07-08,2.48683,2.48683,2.48683,2.48683,1.1471627370293
2020-07-09,2.48683,2.48683,2.48683,2.48683,1.1471627370293
2020-07-10,2.48683,2.50357,2.48683,2.50357,204.19496719122
2020-07-13,2.42005,2.42005,2.16971,2.16971,24.090417477616
2020-07-28,2.16971,2.16971,2.16971,2.16971,624.05652894395
2020-07-29,2.16971,2.16971,2.16971,2.16971,478.36686134123
2020-07-31,2.16971,2.16971,2.16971,2.16971,216.81375729854
2020-08-03,2.50357,2.98754,2.50357,2.92077,907.4057249902
2020-08-04,2.95416,2.95416,2.92077,2.92077,16.060278318411
2020-08-05,2.95416,2.95416,2.95416,2.95416,4.5886509481173
2020-08-10,2.90413,2.90413,2.90413,2.90413,6.8829764221759
2020-08-12,2.90413,3.00419,2.90413,3.00419,4943.1242338594
2020-08-13,3.00419,3.60507,3.00419,3.58842,6001.9554401374
2020-08-14,3.6218,3.78865,3.6218,3.75527,503.60444155587
2020-08-18,3.73862,3.73862,3.73862,3.73862,1.1471627370293
2020-08-19,3.33806,3.50491,2.68715,3.25455,842.01744897952
2020-08-20,3.28793,3.28793,3.28793,3.28793,11.471627370293
2020-08-21,3.30467,3.30467,2.73718,2.90413,9933.2821399369
2020-08-24,3.2379,3.2379,3.17113,3.17113,61.946787799584
2020-08-25,3.2379,3.2379,3.2379,3.2379,11.471627370293
2020-08-26,3.2379,3.2379,2.73718,3.2379,19.501766529499
2020-09-18,2.60364,3.07097,2.60364,3.07097,12.618790107323
2020-09-28,2.40341,2.40341,2.40341,2.40341,11.471627370293
2020-09-29,2.75384,2.75384,2.40341,2.40341,293.67366067951
2020-10-07,2.40341,2.40341,2.40341,2.40341,180.1045497136
2020-10-08,2.42005,2.42005,2.42005,2.42005,24.090417477616
2020-10-14,2.42005,2.42005,2.42005,2.42005,129.62938928431
2020-10-15,2.42005,2.42005,2.42005,2.42005,96.361669910463
2020-10-19,2.42005,2.42005,2.42005,2.42005,9586.8389933541
2020-10-21,2.42005,2.42005,2.42005,2.42005,59.652462325525
2020-11-04,2.80396,2.80396,2.80396,2.80396,9586.8389933541
2020-11-24,2.75384,2.80396,2.75384,2.80396,2396.4229576543
2020-12-01,2.83735,3.32132,2.83735,3.32132,10784.476890813
2020-12-07,3.32132,3.32132,3.25455,3.32132,442.80481649332
2020-12-15,2.67041,2.67041,2.67041,2.67041,119.30492465105
2020-12-16,3.12109,3.12109,2.42005,2.42005,316.61691542009
2020-12-17,2.43679,2.43679,2.28651,2.28651,10941.638185786
2020-12-21,2.30325,2.30325,2.30325,2.30325,3.441488211088
2020-12-29,2.28651,2.28651,2.28651,2.28651,10784.476890813
2021-01-11,2.38667,2.38667,2.38667,2.38667,1066.8613454373
2021-01-22,2.90413,2.90413,2.90413,2.90413,96.361669910463
2021-01-25,3.32132,3.32132,3.32132,3.32132,119.30492465105
2021-02-01,3.03759,3.03759,3.02093,3.02093,700.91643232492
2021-02-04,2.55361,2.75384,2.55361,2.75384,611.43773883663
2021-02-05,2.80396,2.80396,2.80396,2.80396,587.34732135901
2021-02-12,2.53687,2.53687,2.53687,2.53687,96.361669910463
2021-02-15,2.73718,2.73718,2.73718,2.73718,89.478693488287
2021-02-18,2.7038,2.7038,2.7038,2.7038,628.64517989207
2021-02-26,2.65377,2.65377,2.65377,2.65377,119.30492465105
2021-03-09,2.67041,2.67041,2.67041,2.67041,48.180834955232
2021-03-15,2.65377,2.65377,2.65377,2.65377,503.60444155587
2021-03-16,2.67041,2.67041,2.67041,2.67041,180.1045497136
2021-03-24,2.67041,2.67041,2.67041,2.67041,29.826231162762
2021-03-25,2.65377,2.65377,2.65377,2.65377,376.26937774562
2021-03-30,2.50357,2.50357,2.50357,2.50357,119.30492465105
2021-03-31,2.62038,2.83735,2.62038,2.83735,682.56182853245
2021-04-07,2.83735,2.83735,2.83735,2.83735,59.652462325525
2021-04-16,3.00419,3.0877,3.00419,3.0877,180.1045497136
2021-04-19,3.17113,3.82204,3.17113,3.72188,18785.936981592
2021-04-20,3.82204,5.00705,3.70523,4.50633,13863.461676999
2021-04-21,3.83878,3.83878,3.25455,3.63845,5852.8242843236
2021-04-22,3.67184,4.17255,3.42149,3.58842,3045.7170668129
2021-04-23,3.42149,4.02236,3.42149,3.98897,1493.6058836122
2021-04-26,3.37145,3.95558,3.33806,3.33806,3307.2701708555
2021-04-27,3.3881,3.40483,3.3881,3.40483,2596.0292738974
2021-04-28,3.40483,3.40483,3.33806,3.33806,591.93597230713
2021-04-29,3.33806,3.40483,3.33806,3.40483,922.31884057158
2021-04-30,3.02093,3.17113,2.80396,3.17113,7767.4388924256
2021-05-04,2.93751,3.15447,2.75384,2.75384,5109.4628307286
2021-05-05,2.77057,2.77057,2.77057,2.77057,585.05299588496
2021-05-10,2.92077,2.92077,2.65377,2.65377,192.72333982093
2021-05-11,2.55361,2.55361,2.55361,2.55361,48.180834955232
2021-05-13,2.67041,2.67041,2.62038,2.62038,664.20722473998
2021-05-14,2.63703,2.92077,2.63703,2.92077,19.501766529499
2021-05-17,2.67041,2.92077,2.63703,2.92077,601.11327420337
2021-05-19,2.63703,2.83735,2.62038,2.62038,3838.4065181001
2021-05-20,2.63703,2.63703,2.62038,2.63703,2955.0912105875
2021-05-21,2.63703,2.63703,2.63703,2.63703,1677.1519215369
2021-05-25,2.67041,2.854,2.67041,2.854,1347.9162160095
2021-05-26,2.854,2.854,2.854,2.854,123.89357559917
2021-05-27,2.65377,2.854,2.65377,2.854,503.60444155587
2021-05-28,2.854,2.87074,2.854,2.87074,1217.1396639881
2021-05-31,2.87074,3.03759,2.87074,3.03759,2911.4990265804
2021-06-02,2.7038,3.03759,2.7038,3.03759,123.89357559917
2021-06-04,3.00419,3.00419,2.88739,2.88739,591.93597230713
2021-06-07,2.90413,2.90413,2.90413,2.90413,2054.5684620195
2021-06-08,2.92077,2.92077,2.83735,2.83735,373.97505227156
2021-06-15,2.77057,2.82061,2.52022,2.52022,2787.6054509813
2021-06-16,2.78723,2.92077,2.67041,2.92077,1210.2566875659
2021-06-18,2.854,2.87074,2.854,2.87074,1193.0492465105
2021-06-22,2.9708,2.98754,2.9708,2.98754,359.06193669018
2021-06-25,2.9708,3.03759,2.9708,3.03759,6107.4944119441
2021-06-28,3.03759,3.05432,2.93751,3.00419,3386.4243997106
2021-06-29,2.93751,2.93751,2.67041,2.67041,798.42526497241
2021-06-30,2.72054,3.00419,2.67041,2.67041,1641.589876689
2021-07-01,2.73718,2.73718,2.73718,2.73718,72.271252432847
2021-07-02,2.89409,2.89409,2.89409,2.89409,637.8224817883
2021-07-07,3.051,3.051,3.051,3.051,120.45208738808
2021-07-12,2.92897,2.92897,2.92897,2.92897,172.0744105544
2021-07-14,3.01614,3.01614,3.01614,3.01614,66.535438747701
2021-07-15,2.96383,2.96383,2.96383,2.96383,384.29951690482
2021-07-21,2.96383,2.96383,2.96383,2.96383,1147.1627370293
2021-07-22,2.80693,2.80693,2.80693,2.80693,235.16836109101
2021-07-29,2.82436,2.82436,2.82436,2.82436,25.237580214645
2021-07-30,3.15561,4.53293,3.15561,4.53293,11869.692840042
2021-08-02,5.8405,6.97373,3.85299,3.85299,47358.319272782
2021-08-03,3.88785,4.32371,3.32996,3.41712,14886.73083843
2021-08-04,3.38226,3.48686,3.31252,3.31252,1853.8149830394
2021-08-05,3.83555,3.83555,3.051,3.32996,4756.1367077236
2021-08-06,3.31252,3.32996,3.051,3.29509,1661.0916432185
2021-08-09,3.38226,3.38226,3.10331,3.10331,1604.880669104
2021-08-10,3.27765,3.27765,3.10331,3.10331,809.8968923427
2021-08-11,3.24279,3.24279,3.20791,3.24279,941.82060710108
2021-08-12,3.26022,3.38226,3.24279,3.24279,1095.540413863
2021-08-13,3.31252,3.31252,3.31252,3.31252,89.478693488287
2021-08-16,3.13818,3.36482,3.08588,3.36482,1326.1201240059
2021-08-17,3.12074,3.20791,3.10331,3.15561,3578.0005767945
2021-08-18,3.22535,3.31252,3.22535,3.31252,1023.2691614302
2021-08-19,3.29509,3.31252,3.20791,3.20791,13.765952844352
2021-08-23,3.36482,3.46943,3.13818,3.452,4257.1209171158
2021-08-24,3.452,3.46943,3.20791,3.46943,1440.8363977088
2021-08-25,3.46943,3.46943,3.46943,3.46943,1.1471627370293
2021-08-26,3.22535,3.36482,2.91153,3.36482,3588.3250414277
2021-08-27,3.31252,3.31252,3.13818,3.31252,1503.9303482454
2021-08-30,3.31252,3.41712,3.17305,3.41712,2341.3591462769
2021-08-31,3.452,3.66121,3.452,3.60891,3877.4100511591
2021-09-01,3.60891,3.60891,3.48686,3.48686,206.48929266528
2021-09-02,3.57403,3.57403,3.48686,3.52173,464.60090849688
2021-09-03,3.52173,3.55661,3.52173,3.52173,1085.2159492297
2021-09-06,3.69608,3.69608,3.66121,3.67864,371.6807267975
2021-09-07,3.67864,3.67864,3.41712,3.41712,154.86696949896
2021-09-08,3.69608,3.69608,3.66121,3.66121,271.87756867595
2021-09-09,3.69608,3.69608,3.69608,3.69608,1.1471627370293
2021-09-10,3.69608,3.69608,3.66121,3.66121,574.72853125169
2021-09-13,3.66121,3.66121,3.43456,3.43456,12.618790107323
2021-09-14,3.66121,3.66121,3.66121,3.66121,1.1471627370293
2021-09-15,3.69608,3.69608,3.67864,3.67864,4.5886509481173
2021-09-16,3.69608,3.69608,3.69608,3.69608,1.1471627370293
2021-09-17,3.69608,3.69608,3.66121,3.66121,115.86343643996
2021-09-20,3.66121,3.66121,3.3997,3.3997,577.02285672575
2021-09-21,3.3997,3.3997,3.3997,3.3997,89.478693488287
2021-09-22,3.66121,3.66121,3.66121,3.66121,1.1471627370293
2021-09-27,3.64377,3.64377,3.3997,3.55661,1537.1980676193
2021-09-28,3.60891,3.60891,3.41712,3.41712,1321.5314730578
2021-09-29,3.55661,3.55661,3.55661,3.55661,1.1471627370293
2021-09-30,3.55661,3.55661,3.43456,3.43456,1377.7424471722
2021-10-01,3.55661,3.57403,3.53917,3.57403,2295.4726367957
2021-10-04,3.76581,3.76581,3.41712,3.41712,698.62210685086
2021-10-05,3.41712,3.41712,3.3997,3.41712,1003.7673949007
2021-10-06,3.60891,3.60891,3.60891,3.60891,1.1471627370293
2021-10-07,3.57403,3.57403,3.41712,3.41712,285.6435215203
2021-10-08,3.57403,3.57403,3.34739,3.34739,2332.1818443806
2021-10-11,3.53917,3.53917,3.53917,3.53917,1.1471627370293
2021-10-12,3.53917,3.53917,3.53917,3.53917,1.1471627370293
2021-10-13,3.53917,3.53917,3.41712,3.41712,476.07253586717
2021-10-14,3.5043,3.53917,3.48686,3.53917,899.37558583099
2021-10-15,3.41712,3.64377,3.41712,3.64377,349.88463479394
2021-10-18,3.66121,3.83555,3.66121,3.76581,1368.565145276
2021-10-19,3.76581,3.83555,3.74838,3.81812,3806.2859614633
2021-10-20,3.78325,4.35858,3.78325,3.83555,2830.0504722513
2021-10-21,4.18423,4.18423,3.83555,4.1668,466.89523397094
2021-10-22,4.14937,4.35858,4.09706,4.32371,3249.9120340041
2021-10-25,4.27141,4.27141,3.97502,4.25397,493.27997692261
2021-10-26,4.25397,4.25397,3.95759,3.95759,1338.7389141132
2021-10-27,4.27141,4.27141,4.25397,4.25397,121.59925012511
2021-10-28,4.27141,4.48934,4.27141,4.48934,2025.8893935938
2021-10-29,4.83802,4.83802,4.83802,4.83802,156.01413223599
2021-11-02,4.57651,4.57651,3.66121,3.97502,6907.0668396536
2021-11-03,3.92272,3.97502,3.92272,3.92272,305.1452880498
2021-11-04,3.88785,4.0099,3.76581,3.80068,929.20181699375
2021-11-05,3.87042,3.87042,3.66121,3.74838,879.87381930149
2021-11-08,3.74838,3.74838,3.74838,3.74838,264.99459225377
2021-11-09,3.73094,3.73094,3.64377,3.64377,259.25877856863
2021-11-10,3.73094,3.73094,3.73094,3.73094,737.62563990986
2021-11-12,3.73094,3.73094,3.73094,3.73094,1.1471627370293
2021-11-15,3.74838,3.74838,3.74838,3.74838,92.920181699375
2021-11-16,3.66121,3.66121,3.62634,3.62634,263.84742951674
2021-11-17,3.66121,3.66121,3.64377,3.66121,151.42548128787
2021-11-18,3.66121,3.66121,3.66121,3.66121,813.33838055379
2021-11-19,3.74838,3.74838,3.48686,3.66121,520.81188261131
2021-11-22,3.71351,3.71351,3.71351,3.71351,1.1471627370293
2021-11-23,3.71351,3.71351,3.52173,3.71351,861.51921550902
2021-11-24,3.69608,3.69608,3.69608,3.69608,1.1471627370293
2021-11-25,3.71351,3.71351,3.71351,3.71351,1.1471627370293
2021-11-26,3.71351,3.71351,3.71351,3.71351,1.1471627370293
2021-11-30,3.48686,3.64377,3.48686,3.64377,16.060278318411
2021-12-01,3.48686,3.57403,3.48686,3.57403,150.27831855084
2021-12-02,3.452,3.53917,3.452,3.53917,58.505299588496
2021-12-03,3.52173,3.74838,3.52173,3.62634,570.13988030357
2021-12-06,3.60891,3.74838,3.60891,3.74838,2388.3928184951
2021-12-07,3.74838,3.74838,3.74838,3.74838,1.1471627370293
2021-12-08,3.67864,3.67864,3.67864,3.67864,11.471627370293
2021-12-09,3.99246,3.99246,3.46943,3.87042,182.39887518766
2021-12-10,3.74838,3.74838,3.74838,3.74838,804.16107865756
2021-12-13,3.74838,4.35858,3.74838,4.27141,643.55829547345
2021-12-14,4.20167,4.20167,3.74838,3.74838,37.856370321968
2021-12-15,4.18423,4.40216,3.83555,4.07963,3725.9845698712
2021-12-16,3.85299,3.97502,3.76581,3.97502,936.08479341593
2021-12-17,3.74838,3.74838,3.74838,3.74838,11.471627370293
2021-12-20,3.74838,3.74838,3.41712,3.66121,990.00144205631
2021-12-21,3.57403,3.57403,3.57403,3.57403,98.655995384522
2021-12-22,3.41712,3.41712,3.13818,3.13818,1851.5206575653
2021-12-23,3.64377,3.90529,3.60891,3.90529,3175.3464560972
2021-12-27,3.48686,3.48686,3.48686,3.48686,289.08500973139
2021-12-28,3.73094,4.0099,3.73094,3.88785,4454.4329078849
2021-12-29,3.87042,3.87042,3.32996,3.73094,6575.5368086521
2021-12-30,3.74838,3.74838,3.66121,3.66121,12.618790107323
2022-01-03,3.66121,3.66121,3.66121,3.66121,30.973393899792
2022-01-04,3.80068,3.80068,3.66121,3.66121,466.89523397094
2022-01-05,3.74838,3.74838,3.66121,3.74838,13.765952844352
2022-01-07,3.74838,3.74838,3.57403,3.57403,331.53003100147
2022-01-10,3.57403,3.73094,3.48686,3.73094,747.95010454312
2022-01-11,3.73094,3.73094,3.73094,3.73094,1.1471627370293
2022-01-12,3.73094,3.73094,3.73094,3.73094,1.1471627370293
2022-01-13,3.73094,3.73094,3.73094,3.73094,1.1471627370293
2022-01-14,3.73094,3.73094,3.73094,3.73094,1.1471627370293
2022-01-17,3.73094,3.73094,3.73094,3.73094,1.1471627370293
2022-01-18,3.73094,3.73094,3.73094,3.73094,1.1471627370293
2022-01-19,3.73094,3.73094,3.73094,3.73094,1.1471627370293
2022-01-20,3.73094,3.73094,3.73094,3.73094,10.324464633264
2022-01-21,3.66121,3.66121,3.57403,3.57403,57.358136851466
2022-01-24,3.41712,3.85299,3.34739,3.85299,648.14694642157
2022-01-25,3.83555,3.83555,3.83555,3.83555,29.826231162762
2022-01-26,3.3997,3.3997,3.3997,3.3997,295.96798615357
2022-01-28,3.5043,3.62634,3.5043,3.5043,344.1488211088
2022-01-31,3.85299,3.85299,3.74838,3.74838,24.090417477616
2022-02-01,3.73094,3.73094,3.66121,3.66121,359.06193669018
2022-02-02,3.80068,3.80068,3.80068,3.80068,1.1471627370293
2022-02-03,3.80068,3.80068,3.80068,3.80068,1.1471627370293
2022-02-07,3.80068,3.80068,3.41712,3.41712,3465.5786285656
2022-02-08,3.41712,3.46943,3.31252,3.46943,2797.9299156145
2022-02-09,3.46943,3.74838,3.3997,3.3997,1048.5067416448
2022-02-10,3.71351,3.71351,3.57403,3.57403,414.12574806759
2022-02-11,3.76581,3.76581,3.57403,3.57403,5910.1824211751
2022-02-14,3.57403,3.57403,3.48686,3.48686,58.505299588496
2022-02-15,3.57403,3.57403,3.3997,3.3997,706.65224601006
2022-02-16,3.57403,3.57403,3.57403,3.57403,1.1471627370293
2022-02-17,3.57403,3.57403,3.57403,3.57403,1.1471627370293
2022-02-18,3.57403,3.57403,3.57403,3.57403,1.1471627370293
2022-02-21,3.57403,3.57403,3.3997,3.3997,1391.5084000166
2022-02-22,3.53917,3.53917,3.53917,3.53917,11.471627370293
2022-02-23,3.53917,3.53917,3.53917,3.53917,67.68260148473
2022-02-24,3.26022,3.26022,3.13818,3.15561,3192.5538971526
2022-02-25,3.48686,3.48686,3.48686,3.48686,574.72853125169
2022-02-28,3.452,3.46943,3.41712,3.46943,1125.3666450258
2022-03-01,3.46943,3.46943,3.46943,3.46943,1.1471627370293
2022-03-02,3.46943,3.46943,3.46943,3.46943,1.1471627370293
2022-03-03,3.3997,3.3997,3.3997,3.3997,1.1471627370293
2022-03-04,3.38226,3.38226,3.22535,3.22535,1148.3098997664
2022-03-07,3.29509,3.29509,3.22535,3.22535,1188.4605955624
2022-03-08,3.32996,3.32996,3.13818,3.13818,115.86343643996
2022-03-09,3.32996,3.32996,3.13818,3.13818,1148.3098997664
2022-03-10,3.22535,3.22535,3.22535,3.22535,157.16129497302
2022-03-11,3.31252,3.31252,3.31252,3.31252,1.1471627370293
2022-03-14,3.22535,3.22535,3.22535,3.22535,1.1471627370293
2022-03-15,3.29509,3.29509,3.13818,3.13818,3098.4865527162
2022-03-16,3.26022,3.26022,3.08588,3.08588,58.505299588496
2022-03-17,3.26022,3.26022,3.22535,3.22535,12.618790107323
2022-03-18,3.29509,3.29509,3.29509,3.29509,1.1471627370293
2022-03-21,3.29509,3.29509,3.29509,3.29509,1.1471627370293
2022-03-22,3.29509,3.29509,3.29509,3.29509,1.1471627370293
2022-03-23,3.26022,3.26022,3.26022,3.26022,1.1471627370293
2022-03-24,3.31252,3.31252,3.31252,3.31252,1.1471627370293
2022-03-25,3.29509,3.29509,3.29509,3.29509,1.1471627370293
2022-03-28,3.29509,3.29509,3.29509,3.29509,1.1471627370293
2022-03-29,3.29509,3.29509,3.29509,3.29509,1.1471627370293
2022-03-30,3.29509,3.29509,3.29509,3.29509,1.1471627370293
2022-03-31,3.29509,3.29509,3.29509,3.29509,609.14341336257
2022-04-01,3.29509,3.29509,3.29509,3.29509,1.1471627370293
2022-04-04,3.29509,3.29509,3.29509,3.29509,1.1471627370293
2022-04-05,3.29509,3.29509,3.29509,3.29509,1.1471627370293
2022-04-06,3.29509,3.29509,3.29509,3.29509,1.1471627370293
2022-04-07,3.29509,3.29509,3.29509,3.29509,1.1471627370293
2022-04-08,3.29509,3.29509,3.29509,3.29509,1.1471627370293
2022-04-19,3.29509,3.29509,3.22535,3.22535,1475.2512798197
2022-04-20,3.29509,3.29509,3.19048,3.19048,12.618790107323
2022-04-21,3.13818,3.31252,3.13818,3.31252,2545.5541134681
2022-04-22,3.29509,3.29509,3.17305,3.17305,1721.891268281
2022-04-25,3.29509,3.29509,3.29509,3.29509,1.1471627370293
2022-04-26,3.29509,3.29509,3.29509,3.29509,1.1471627370293
2022-04-27,3.29509,3.29509,3.15561,3.17305,1625.5295983706
2022-04-28,3.27765,3.27765,3.27765,3.27765,1.1471627370293
2022-04-29,3.26022,3.31252,3.26022,3.31252,3295.7985434852
2022-05-02,3.31252,3.31252,3.31252,3.31252,2052.2741365455
2022-05-04,3.31252,3.78325,3.31252,3.78325,1133.396784185
2022-05-05,3.73094,3.73094,3.69608,3.71351,287.93784699436
2022-05-06,3.71351,3.71351,3.71351,3.71351,1.1471627370293
2022-05-09,3.71351,3.71351,3.71351,3.71351,1.1471627370293
2022-05-10,3.69608,3.69608,3.69608,3.69608,1.1471627370293
2022-05-11,3.66121,3.66121,3.66121,3.66121,1.1471627370293
2022-05-12,3.52173,3.52173,3.32996,3.32996,153.71980676193
2022-05-13,3.62634,3.62634,3.62634,3.62634,1.1471627370293
2022-05-16,3.62634,3.62634,3.62634,3.62634,1.1471627370293
2022-05-17,3.62634,3.62634,3.62634,3.62634,573.58136851466
2022-05-18,3.62634,3.62634,3.62634,3.62634,1.1471627370293
2022-05-19,3.62634,3.66121,3.62634,3.66121,980.82414016007
2022-05-20,3.66121,3.66121,3.48686,3.57403,2615.5310404269
2022-05-23,3.66121,3.66121,3.66121,3.66121,1.1471627370293
2022-05-24,3.66121,3.66121,3.66121,3.66121,1.1471627370293
2022-05-25,3.66121,3.87042,3.64377,3.66121,2103.8964597118
2022-05-26,3.92272,3.92272,3.66121,3.66121,14.913115581381
2022-05-27,3.85299,3.85299,3.85299,3.85299,1.1471627370293
2022-05-30,3.62634,3.62634,3.62634,3.62634,121.59925012511
2022-05-31,3.83555,3.83555,3.57403,3.57403,1160.9286898737
2022-06-01,3.5043,3.57403,3.5043,3.57403,129.62938928431
2022-06-02,3.78325,3.83555,3.78325,3.83555,118.15776191402
2022-06-03,3.81812,3.81812,3.80068,3.80068,496.7214651337
2022-06-07,3.78325,3.78325,3.78325,3.78325,11.471627370293
2022-06-08,3.74838,3.74838,3.74838,3.74838,1.1471627370293
2022-06-09,3.78325,3.83555,3.74838,3.74838,169.4492753598
2022-06-10,3.35676,4.02811,3.35676,3.99081,72.9275362308
2022-06-13,3.99081,3.99081,3.99081,3.99081,1.0724637681
2022-06-14,3.95351,3.95351,3.95351,3.95351,1.0724637681
2022-06-15,3.97216,3.97216,3.97216,3.97216,1.0724637681
2022-06-20,3.71108,3.71108,3.35676,3.35676,4023.8840579112
2022-06-21,3.72973,3.72973,3.71108,3.71108,978.0869565072
2022-06-22,3.72973,3.72973,3.72973,3.72973,1.0724637681
2022-06-23,3.72973,3.72973,3.72973,3.72973,1.0724637681
2022-06-27,3.72973,3.72973,3.72973,3.72973,1.0724637681
2022-06-28,3.72973,3.72973,3.54324,3.54324,248.8115941992
2022-06-29,3.72973,3.72973,3.72973,3.72973,1.0724637681
2022-06-30,3.72973,3.72973,3.72973,3.72973,1.0724637681
2022-07-01,3.72973,3.72973,3.72973,3.72973,1.0724637681
2022-07-06,3.71108,3.71108,3.71108,3.71108,1.0724637681
2022-07-07,3.45,3.45,3.45,3.45,2862.4057970589
2022-07-08,3.45,3.45,3.31946,3.31946,117.971014491
2022-07-11,3.35676,3.35676,3.35676,3.35676,246.666666663
2022-07-12,3.69243,3.69243,3.69243,3.69243,1.0724637681
2022-07-13,3.67378,3.67378,3.67378,3.67378,35.3913043473
2022-07-14,3.67378,3.67378,3.67378,3.67378,1.0724637681
2022-07-15,3.67378,3.67378,3.37541,3.37541,269.1884057931
2022-07-18,3.67378,3.67378,3.67378,3.67378,37.5362318835
2022-07-19,3.67378,3.67378,3.67378,3.67378,1.0724637681
2022-07-20,3.67378,3.67378,3.67378,3.67378,1.0724637681
2022-07-21,3.67378,3.67378,3.31946,3.31946,36.4637681154
2022-07-22,3.65514,3.67378,3.65514,3.67378,1087.4782608534
2022-07-25,3.63649,3.72973,3.4873,3.72973,964.1449275219
2022-07-26,3.72973,3.72973,3.33811,3.33811,859.0434782481
2022-07-27,3.71108,4.06541,3.71108,4.06541,3230.2608695172
2022-07-28,4.06541,4.06541,4.06541,4.06541,1.0724637681
2022-07-29,3.72973,3.72973,3.4873,3.61784,1371.6811593999
2022-08-01,3.71108,3.71108,3.46865,3.46865,13.9420289853
2022-08-02,3.65514,3.65514,3.46865,3.46865,537.3043478181
2022-08-03,3.63649,3.63649,3.63649,3.63649,1.0724637681
2022-08-04,3.63649,3.63649,3.63649,3.63649,1.0724637681
2022-08-05,3.63649,3.63649,3.63649,3.63649,1.0724637681
2022-08-08,3.63649,4.04676,3.61784,4.04676,4567.6231883379
2022-08-09,3.99081,3.99081,3.99081,3.99081,1.0724637681
2022-08-10,3.82297,3.82297,3.82297,3.82297,1.0724637681
2022-08-11,3.86027,3.86027,3.86027,3.86027,1.0724637681
2022-08-12,3.78568,3.78568,3.78568,3.78568,1.0724637681
2022-08-22,3.74838,3.74838,3.74838,3.74838,1.0724637681
2022-08-23,3.74838,3.74838,3.50595,3.50595,1090.6956521577
2022-08-24,3.33811,3.72973,3.33811,3.63649,537.3043478181
2022-08-26,3.71108,3.71108,3.71108,3.71108,1.0724637681
2022-08-29,3.67378,3.67378,3.31946,3.31946,120.1159420272
2022-08-30,3.67378,3.67378,3.67378,3.67378,1.0724637681
2022-08-31,3.65514,3.65514,3.65514,3.65514,1.0724637681
2022-09-01,3.45,3.45,3.45,3.45,2.1449275362
2022-09-02,3.61784,3.61784,3.45,3.45,9.6521739129
2022-09-05,3.45,3.45,3.45,3.45,366.7826086902
2022-09-06,3.61784,3.61784,3.61784,3.61784,1.0724637681
2022-09-07,3.61784,3.61784,3.61784,3.61784,1.0724637681
2022-09-08,3.61784,3.63649,3.61784,3.63649,763.5942028872
2022-09-09,3.67378,3.67378,3.67378,3.67378,1.0724637681
2022-09-12,3.67378,3.67378,3.67378,3.67378,1.0724637681
2022-09-13,3.67378,3.67378,3.67378,3.67378,1.0724637681
2022-09-14,3.67378,3.67378,3.4127,3.4127,1073.5362318681
2022-09-15,3.67378,3.67378,3.39405,3.39405,483.6811594131
2022-09-16,3.65514,3.65514,3.65514,3.65514,697.101449265
2022-09-19,3.67378,3.67378,3.67378,3.67378,1.0724637681
2022-09-20,3.61784,3.61784,3.61784,3.61784,1.0724637681
2022-09-21,3.61784,3.61784,3.61784,3.61784,1.0724637681
2022-09-22,3.61784,3.61784,3.61784,3.61784,1.0724637681
2022-09-23,3.61784,3.61784,3.61784,3.61784,1.0724637681
2022-09-28,3.61784,3.61784,3.61784,3.61784,1.0724637681
2022-09-29,3.54324,3.54324,3.54324,3.54324,1.0724637681
2022-09-30,3.54324,3.54324,3.54324,3.54324,127.6231884039
2022-10-03,3.54324,3.54324,3.54324,3.54324,1.0724637681
2022-10-04,3.58054,3.58054,3.58054,3.58054,282.0579710103
2022-10-05,3.61784,3.61784,3.61784,3.61784,1.0724637681
2022-10-06,3.61784,3.67378,3.61784,3.67378,576.9855072378
2022-10-07,3.67378,3.67378,3.67378,3.67378,1.0724637681
2022-10-10,3.67378,3.67378,3.67378,3.67378,1.0724637681
2022-10-11,3.67378,3.67378,3.67378,3.67378,1.0724637681
2022-10-12,3.67378,3.67378,3.67378,3.67378,1.0724637681
2022-10-13,3.67378,3.67378,3.67378,3.67378,1.0724637681
2022-10-14,3.67378,3.67378,3.67378,3.67378,108.3188405781
2022-10-17,3.67378,3.67378,3.67378,3.67378,1.0724637681
2022-10-18,3.67378,3.67378,3.67378,3.67378,1.0724637681
2022-10-19,3.63649,3.63649,3.63649,3.63649,1.0724637681
2022-10-20,3.63649,3.63649,3.63649,3.63649,1.0724637681
2022-10-21,3.63649,3.63649,3.63649,3.63649,2.1449275362
2022-10-24,3.63649,3.63649,3.63649,3.63649,1.0724637681
2022-10-26,3.33811,3.63649,3.26351,3.63649,1254.782608677
2022-10-27,3.54324,3.54324,3.54324,3.54324,1.0724637681
2022-10-28,3.54324,3.54324,3.54324,3.54324,1.0724637681
2022-10-31,3.54324,3.54324,3.54324,3.54324,1.0724637681
2022-11-02,3.54324,3.54324,3.54324,3.54324,1.0724637681
2022-11-03,3.54324,3.54324,3.28216,3.54324,1016.6956521588
2022-11-04,3.67378,3.67378,3.30081,3.30081,762.5217391191
2022-11-07,3.59919,3.59919,3.30081,3.30081,797.9130434664
2022-11-08,3.07703,3.59919,3.07703,3.17027,160.869565215
2022-11-09,3.58054,3.58054,2.7973,3.26351,1693.4202898299
2022-11-10,2.81595,3.4873,2.70405,3.4873,1708.4347825833
2022-11-14,3.4873,3.4873,2.7227,3.15162,867.6231883929
2022-11-15,3.15162,3.46865,3.15162,3.46865,537.3043478181
2022-11-16,3.4127,3.43135,3.4127,3.43135,321.73913043
2022-11-17,3.4127,3.4127,3.4127,3.4127,1.0724637681
2022-11-21,3.39405,3.39405,3.39405,3.39405,108.3188405781
2022-11-22,3.39405,3.39405,3.28216,3.28216,1609.7681159181
2022-11-23,3.39405,3.39405,3.39405,3.39405,1.0724637681
2022-11-24,3.39405,3.39405,2.7227,2.7227,997.391304333
2022-11-25,3.39405,3.39405,3.39405,3.39405,1.0724637681
2022-11-28,3.39405,3.39405,3.17027,3.17027,623.1014492661
2022-11-29,3.39405,3.39405,3.09568,3.09568,773.2463768001
2022-11-30,3.39405,3.39405,3.39405,3.39405,1.0724637681
2022-12-01,3.39405,3.39405,3.09568,3.09568,3845.8550724066
2022-12-02,3.37541,3.37541,3.37541,3.37541,1.0724637681
2022-12-05,3.37541,3.37541,3.09568,3.09568,5376.2608694853
2022-12-06,3.15162,3.15162,3.09568,3.09568,6435.8550723681
2022-12-07,3.15162,3.15162,3.03973,3.03973,4312.3768115301
2022-12-08,3.15162,3.26351,3.13297,3.26351,4746.7246376106
2022-12-09,3.26351,3.26351,3.09568,3.09568,2092.3768115631
2022-12-12,3.26351,3.26351,3.26351,3.26351,1.0724637681
2022-12-13,3.20757,3.22622,3.20757,3.22622,2186.7536231559
2022-12-14,3.26351,3.26351,3.26351,3.26351,1.0724637681
2022-12-15,3.24486,3.71108,3.24486,3.71108,7816.1159419128
2022-12-16,3.50595,3.50595,3.50595,3.50595,1426.376811573
2022-12-19,3.35676,3.45,3.35676,3.45,1913.2753622904
2022-12-20,3.54324,3.54324,3.26351,3.26351,4923.6811593471
2022-12-21,3.45,3.45,3.26351,3.26351,857.97101448
2022-12-22,3.54324,3.54324,3.35676,3.45,4957.9999999263
2022-12-23,3.69243,3.69243,3.46865,3.46865,1565.797101426
2022-12-27,3.50595,3.69243,3.50595,3.50595,2383.0144927182
2022-12-28,3.71108,3.71108,3.71108,3.71108,217.7101449243
2022-12-29,3.71108,3.71108,3.63649,3.71108,6593.5072462788
2022-12-30,3.71108,3.82297,3.71108,3.82297,7185.50724627
2023-01-02,4.19595,5.03514,3.76703,3.78568,4874.3478260145
2023-01-03,4.14,4.14,3.76703,3.76703,1557.2173912812
2023-01-04,4.1773,4.1773,4.1773,4.1773,215.5652173881
2023-01-05,4.12135,4.12135,4.12135,4.12135,1.0724637681
2023-01-09,3.56189,3.56189,3.54324,3.54324,230.5797101415
2023-01-10,4.08405,4.21459,4.06541,4.21459,837.5942028861
2023-01-11,4.21459,4.21459,4.21459,4.21459,1.0724637681
2023-01-12,4.21459,4.21459,4.21459,4.21459,1.0724637681
2023-01-13,4.21459,4.21459,4.19595,4.19595,108.3188405781
2023-01-16,4.21459,4.21459,4.21459,4.21459,1.0724637681
2023-01-17,4.21459,4.21459,4.21459,4.21459,1.0724637681
2023-01-18,4.21459,4.21459,4.21459,4.21459,1.0724637681
2023-01-19,4.21459,4.21459,4.21459,4.21459,1.0724637681
2023-01-20,4.21459,4.21459,4.21459,4.21459,1.0724637681
2023-01-23,4.21459,4.21459,4.21459,4.21459,1.0724637681
2023-01-24,4.21459,4.21459,4.21459,4.21459,1.0724637681
2023-01-25,4.21459,4.21459,4.21459,4.21459,1.0724637681
2023-01-26,4.21459,4.21459,3.72973,3.72973,108.3188405781
2023-01-27,3.63649,3.63649,3.63649,3.63649,203.768115939
2023-01-30,4.21459,4.21459,4.21459,4.21459,1.0724637681
2023-01-31,4.1773,4.1773,3.82297,3.91622,6715.7681158422
2023-02-01,3.82297,3.82297,3.72973,3.72973,2934.2608695216
2023-02-02,3.87892,3.87892,3.82297,3.82297,53624.260868768
2023-02-03,3.99081,3.99081,3.89757,3.89757,2.1449275362
2023-02-06,3.97216,3.97216,3.72973,3.72973,738.9275362209
2023-02-07,3.89757,3.89757,3.87892,3.87892,308.8695652128
2023-02-08,4.02811,4.02811,4.00946,4.00946,7.5072463767
2023-02-09,4.00946,4.00946,3.72973,4.00946,928.7536231746
2023-02-10,3.82297,4.08405,3.82297,4.08405,380.7246376755
2023-02-13,4.08405,4.08405,4.08405,4.08405,1.0724637681
2023-02-14,4.1027,4.1027,4.1027,4.1027,1.0724637681
2023-02-15,4.1027,4.1027,4.1027,4.1027,1.0724637681
2023-02-16,4.1027,4.1027,4.1027,4.1027,1.0724637681
2023-02-17,4.1027,4.1027,3.72973,4.08405,1263.3623188218
2023-02-20,4.1027,4.1027,4.1027,4.1027,1663.3913043231
2023-02-21,4.1027,4.1027,4.06541,4.06541,91.1594202885
2023-02-22,4.1027,4.1027,4.08405,4.08405,158.7246376788
2023-02-23,4.08405,4.08405,4.08405,4.08405,1.0724637681
2023-02-24,4.08405,4.08405,4.08405,4.08405,1.0724637681
2023-02-27,3.91622,3.91622,3.91622,3.91622,217.7101449243
2023-02-28,4.04676,4.04676,4.04676,4.04676,1.0724637681
2023-03-01,4.04676,4.08405,3.76703,4.08405,182.318840577
2023-03-02,3.95351,3.95351,3.76703,3.76703,333.5362318791
2023-03-03,3.74838,4.06541,3.74838,4.06541,79.3623188394
2023-03-06,4.1027,4.1027,4.1027,4.1027,1.0724637681
2023-03-07,4.1027,4.1027,4.1027,4.1027,1.0724637681
2023-03-08,4.1027,4.1027,4.1027,4.1027,1.0724637681
2023-03-09,4.1027,4.1027,4.1027,4.1027,48.2608695645
2023-03-10,3.91622,3.91622,3.91622,3.91622,1.0724637681
2023-03-13,3.91622,3.91622,3.91622,3.91622,1.0724637681
2023-03-14,3.91622,3.91622,3.91622,3.91622,1.0724637681
2023-03-15,3.91622,3.91622,3.76703,3.76703,119.0434782591
2023-03-16,3.91622,3.91622,3.78568,3.78568,70.7826086946
2023-03-17,3.91622,3.91622,3.91622,3.91622,1.0724637681
2023-03-20,3.91622,3.91622,3.78568,3.78568,58.9855072455
2023-03-21,3.91622,3.91622,3.91622,3.91622,701.3913043374
2023-03-22,3.97216,3.97216,3.97216,3.97216,115.8260869548
2023-03-23,3.78568,3.97216,3.78568,3.97216,536.23188405
2023-03-24,3.97216,3.97216,3.97216,3.97216,1.0724637681
2023-03-27,3.97216,3.97216,3.97216,3.97216,108.3188405781
2023-03-28,4.00946,4.00946,3.99081,3.99081,140.4927536211
2023-03-29,3.99081,4.00946,3.99081,4.00946,322.8115941981
2023-03-30,4.00946,4.00946,4.00946,4.00946,115.8260869548
2023-03-31,4.00946,4.00946,4.00946,4.00946,1.0724637681
2023-04-03,4.00946,4.00946,4.00946,4.00946,1.0724637681
2023-04-04,3.99081,3.99081,3.99081,3.99081,183.3913043451
2023-04-05,4.00946,4.00946,3.99081,3.99081,129.7681159401
2023-04-06,4.00946,4.00946,4.00946,4.00946,1.0724637681
2023-04-11,3.97216,3.97216,3.97216,3.97216,193.043478258
2023-04-12,4.00946,4.00946,4.00946,4.00946,1.0724637681
2023-04-13,4.00946,4.00946,3.78568,3.78568,219.8550724605
2023-04-14,4.00946,4.00946,4.00946,4.00946,1.0724637681
2023-04-17,3.89757,3.89757,3.82297,3.82297,3218.4637680681
2023-04-18,3.93486,3.93486,3.93486,3.93486,1.0724637681
2023-04-21,3.93486,3.93486,3.93486,3.93486,1.0724637681
2023-04-24,3.93486,3.93486,3.93486,3.93486,1.0724637681
2023-04-25,3.93486,3.93486,3.80432,3.80432,3218.4637680681
2023-04-26,3.93486,3.93486,3.93486,3.93486,1.0724637681
2023-04-27,3.82297,3.82297,3.82297,3.82297,107.24637681
2023-04-28,3.78568,3.78568,3.78568,3.78568,2147.0724637362
2023-05-02,3.93486,3.93486,3.93486,3.93486,333.5362318791
2023-05-04,3.93486,3.93486,3.93486,3.93486,85.797101448
2023-05-05,3.93486,3.93486,3.93486,3.93486,1.0724637681
2023-05-08,3.93486,3.93486,3.82297,3.82297,617.7391304256
2023-05-09,3.93486,3.93486,3.93486,3.93486,1.0724637681
2023-05-10,3.93486,3.93486,3.93486,3.93486,176.9565217365
2023-05-11,4.19595,4.19595,4.19595,4.19595,1.0724637681
2023-05-12,4.19595,4.19595,4.19595,4.19595,1.0724637681
2023-05-15,4.1773,4.1773,4.1773,4.1773,1.0724637681
2023-05-16,4.19595,4.19595,4.19595,4.19595,1.0724637681
2023-05-17,3.76703,4.19595,3.76703,4.19595,150.144927534
2023-05-18,4.19595,4.19595,4.19595,4.19595,1.0724637681
2023-05-19,4.1773,4.1773,4.1773,4.1773,1.0724637681
2023-05-24,3.93486,3.93486,3.82297,3.82297,2292.9275361978
2023-05-25,3.82297,4.1773,3.82297,4.1773,980.2318840434
2023-05-26,4.00946,4.00946,4.00946,4.00946,64.347826086
2023-05-30,4.06541,4.06541,4.04676,4.04676,6.4347826086
2023-05-31,4.00946,4.00946,4.00946,4.00946,1.0724637681
2023-06-01,4.00946,4.00946,4.00946,4.00946,1.0724637681
2023-06-02,4.00946,4.00946,4.00946,4.00946,334.6086956472
2023-06-05,4.00946,4.19595,4.00946,4.1027,1185.0724637505
2023-06-06,4.19595,4.19595,4.19595,4.19595,1.0724637681
2023-06-07,4.19595,4.19595,4.00946,4.00946,537.3043478181
2023-06-09,4.19595,4.19595,4.19595,4.19595,1.0724637681
2023-06-12,4.14,4.14,4.14,4.14,1.0724637681
2023-06-13,4.94,4.94,4.94,4.94,1
2023-06-15,4,4.1,4,4,38808
2023-06-16,4,4.02,4,4,75596
2023-06-19,4.1,4.12,4,4.1,1411
2023-06-20,4.12,4.12,4,4,201
2023-06-21,4,4.06,3.9,4,23690
2023-06-22,4,4.18,4,4.18,1333
2023-06-23,4.16,4.16,4.16,4.16,1
2023-06-26,4.16,4.16,4.16,4.16,101
2023-06-27,4.14,4.14,3.9,4.1,302
2023-06-28,4.06,4.06,3.9,4.06,190
2023-06-29,4.1,4.1,4,4,239562
2023-06-30,4.1,4.1,4.1,4.1,195
2023-07-03,4.1,4.1,4.1,4.1,580
2023-07-04,4.08,4.08,4.06,4.06,32
2023-07-05,4.1,4.1,4.1,4.1,1
2023-07-06,4,4,4,4,888
2023-07-07,4,4,4,4,462
2023-07-10,4,4,4,4,1
2023-07-11,4,4,4,4,1
2023-07-12,4,4,4,4,1
2023-07-13,4,4,4,4,1
2023-07-14,4,4,4,4,1
2023-07-17,4,4,4,4,1
2023-07-18,4,4,4,4,1
2023-07-19,4,4,4,4,1907
2023-07-20,4.16,4.16,3.8,3.8,192
2023-07-21,4.16,4.16,4.16,4.16,1
2023-07-24,4.16,4.16,4.16,4.16,101
2023-07-25,4.16,4.16,4,4,91
2023-07-26,4.16,4.16,4.12,4.12,105
2023-07-27,4.12,4.12,4.12,4.12,1
2023-07-28,4.12,4.12,4.12,4.12,1
2023-07-31,4,4.12,3.94,4.12,1316
2023-08-01,4.12,4.12,4.12,4.12,1
2023-08-02,4.12,4.12,4,4.12,5676
2023-08-03,4.12,4.12,4,4,4327
2023-08-04,4.12,4.14,4.12,4.14,710
2023-08-07,4.22,4.22,4,4.2,712
2023-08-08,4.2,4.2,4.2,4.2,1
2023-08-09,4.2,4.2,4.2,4.2,1
2023-08-10,4.2,4.2,4.2,4.2,2
2023-08-11,4.2,4.2,4,4,51
2023-08-14,4,4.2,3.7,4.2,104
2023-08-16,4.2,4.2,4,4.18,316
2023-08-17,4.2,4.2,4.2,4.2,1
2023-08-18,4.2,4.2,4.2,4.2,1
2023-08-21,4.2,4.2,4.2,4.2,1
2023-08-22,4.2,4.2,4.2,4.2,1
2023-08-23,4.2,4.2,4.2,4.2,1
2023-08-24,4.2,4.2,4.2,4.2,1
2023-08-25,4.2,4.2,4.2,4.2,1
2023-08-28,4.2,4.2,4.2,4.2,1
2023-08-29,4.18,4.18,4.18,4.18,1
2023-08-30,4.18,4.18,4.18,4.18,1
2023-08-31,4.18,4.18,4.18,4.18,1
2023-09-01,4.18,4.18,4.18,4.18,115
2023-09-05,4.2,4.2,4.2,4.2,1
2023-09-06,4.18,4.48,4,4,5562
2023-09-07,4.48,4.5,3.82,4.5,80037
2023-09-08,4.86,5.8,4,4.5,7174
2023-09-11,4.02,4.48,4,4,1938
2023-09-12,4.42,4.42,4,4.02,2626
2023-09-13,4.4,4.4,4,4,2440
2023-09-14,4,4,3.62,3.8,4405
2023-09-15,4.4,4.4,3.5,3.9,4541
2023-09-18,3.9,3.9,3.9,3.9,202
2023-09-19,3.9,3.9,3.9,3.9,1
2023-09-20,4.26,4.26,3.98,4,1406
2023-09-21,4,4.18,3.52,4.18,363
2023-09-22,4,4,3.5,3.96,561
2023-09-25,3.96,3.96,3.2,3.2,1768
2023-09-26,3.2,3.74,3.2,3.66,978
2023-09-27,3.3,3.6,3,3.02,3302
2023-09-28,3.18,3.2,3.18,3.2,227
2023-09-29,3.1,3.38,3.04,3.38,3658
2023-10-02,3.3,3.68,3.3,3.68,755
2023-10-03,3.72,3.9,3.72,3.9,119
2023-10-04,3.86,3.86,3.3,3.3,500
2023-10-05,3.78,3.9,3.52,3.78,466
2023-10-06,3.78,3.78,3.32,3.78,26
2023-10-09,3.5,3.78,3.5,3.78,774
2023-10-11,3.74,3.74,3.74,3.74,180
2023-10-12,3.74,3.8,3.74,3.8,510
2023-10-13,3.8,3.8,3.8,3.8,500
2023-10-16,3.8,3.8,3.8,3.8,370
2023-10-17,3.8,3.8,3.5,3.5,1045
2023-10-19,3.8,4,3.8,4,1000
2023-10-20,4,4.2,3.6,4.2,1746
2023-10-23,4.18,4.18,3.5,4.16,651
2023-10-24,4.14,4.14,4.14,4.14,3
2023-10-25,4.14,4.14,4.14,4.14,5
2023-10-26,3.52,4.1,3.52,4.1,105
2023-10-27,4.1,4.1,4.1,4.1,3
2023-10-30,4.1,4.12,4.1,4.12,105
2023-10-31,4.12,4.12,4.12,4.12,99
2023-11-02,4.1,4.1,4.1,4.1,5
2023-11-03,4,4,3.5,3.5,1837
2023-11-06,3.92,3.92,3.5,3.5,503
2023-11-07,3.5,3.5,3.5,3.5,443
2023-11-09,3.86,3.86,3.1,3.4,1130
2023-11-10,3.4,3.4,3.4,3.4,915
2023-11-13,3.82,3.82,3.06,3.82,221
2023-11-14,3.8,3.8,3.8,3.8,5
2023-11-20,3.18,3.8,3.18,3.8,102
2023-11-22,3.5,3.74,3.5,3.74,423
2023-11-23,3.5,3.74,3.5,3.74,380
2023-11-24,3.74,3.92,3.72,3.92,1183
2023-11-28,3.5,3.5,3.5,3.5,18
2023-11-29,3.5,3.92,3.5,3.92,542
2023-12-01,3.5,3.5,3.5,3.5,285
2023-12-04,3.7,3.78,3.7,3.78,193
2023-12-05,3.68,3.68,3.68,3.68,40
2023-12-07,3.5,3.5,3.5,3.5,20
2023-12-08,3.48,3.5,3.48,3.5,595
2023-12-12,3.48,3.6,3.36,3.6,466
2023-12-13,3.6,3.68,3.6,3.68,126
2023-12-18,3.58,3.6,3.58,3.6,1636
2023-12-19,3.44,3.66,3.44,3.66,247
2023-12-20,3.46,3.5,3.46,3.5,122
2023-12-21,3.44,3.44,3.44,3.44,20
2023-12-22,3.44,3.44,3.42,3.42,60
2023-12-29,3.4,3.74,3.4,3.74,211
